Total,AÃ±o,Edad
651607,1971,0
635646,1971,1
635129,1971,2
651761,1971,3
650102,1971,4
656254,1971,5
670336,1971,6
658308,1971,7
638198,1971,8
624256,1971,9
639306,1971,10
625966,1971,11
612596,1971,12
605184,1971,13
581055,1971,14
561325,1971,15
548498,1971,16
545163,1971,17
552746,1971,18
530202,1971,19
516563,1971,20
515730,1971,21
545464,1971,22
521380,1971,23
484975,1971,24
505288,1971,25
489897,1971,26
472350,1971,27
441632,1971,28
394777,1971,29
488093,1971,30
402766,1971,31
368858,1971,32
421043,1971,33
478567,1971,34
474126,1971,35
468286,1971,36
492332,1971,37
491554,1971,38
480146,1971,39
503737,1971,40
479390,1971,41
469110,1971,42
457174,1971,43
450330,1971,44
445232,1971,45
436076,1971,46
427720,1971,47
433071,1971,48
416971,1971,49
401966,1971,50
366844,1971,51
342950,1971,52
334580,1971,53
323218,1971,54
329629,1971,55
331411,1971,56
327336,1971,57
328456,1971,58
320433,1971,59
332552,1971,60
315625,1971,61
301711,1971,62
294636,1971,63
284522,1971,64
288271,1971,65
271592,1971,66
256528,1971,67
247239,1971,68
227480,1971,69
243099,1971,70
202910,1971,71
175565,1971,72
163580,1971,73
162263,1971,74
149889,1971,75
132285,1971,76
116757,1971,77
109745,1971,78
93051,1971,79
94180,1971,80
78122,1971,81
71645,1971,82
57837,1971,83
46942,1971,84
663793,1972,0
649400,1972,1
636390,1972,2
636451,1972,3
653224,1972,4
652288,1972,5
657366,1972,6
671534,1972,7
659449,1972,8
638930,1972,9
624593,1972,10
637231,1972,11
624233,1972,12
611047,1972,13
603401,1972,14
579018,1972,15
558601,1972,16
545253,1972,17
541307,1972,18
548520,1972,19
526641,1972,20
513009,1972,21
513590,1972,22
543871,1972,23
519909,1972,24
483952,1972,25
504430,1972,26
489331,1972,27
472277,1972,28
441584,1972,29
394930,1972,30
487631,1972,31
402764,1972,32
369053,1972,33
421001,1972,34
478889,1972,35
473939,1972,36
467909,1972,37
492045,1972,38
491257,1972,39
479898,1972,40
501827,1972,41
478319,1972,42
468450,1972,43
456308,1972,44
449450,1972,45
444170,1972,46
434918,1972,47
426490,1972,48
431156,1972,49
415157,1972,50
399149,1972,51
364506,1972,52
340882,1972,53
332380,1972,54
321202,1972,55
327450,1972,56
328930,1972,57
324683,1972,58
325504,1972,59
317263,1972,60
328165,1972,61
311421,1972,62
297380,1972,63
289922,1972,64
279007,1972,65
281392,1972,66
264809,1972,67
249462,1972,68
240100,1972,69
220246,1972,70
233573,1972,71
194496,1972,72
167108,1972,73
155235,1972,74
152849,1972,75
140589,1972,76
123178,1972,77
107876,1972,78
99059,1972,79
84648,1972,80
84828,1972,81
69623,1972,82
62959,1972,83
50050,1972,84
667002,1973,0
657959,1973,1
649140,1973,2
638278,1973,3
637915,1973,4
654786,1973,5
654528,1973,6
658505,1973,7
672747,1973,8
660621,1973,9
639688,1973,10
624941,1973,11
635146,1973,12
622504,1973,13
609482,1973,14
601589,1973,15
576942,1973,16
555836,1973,17
541961,1973,18
537409,1973,19
544251,1973,20
523081,1973,21
509490,1973,22
511442,1973,23
542284,1973,24
518437,1973,25
482928,1973,26
503559,1973,27
488786,1973,28
472221,1973,29
441534,1973,30
395056,1973,31
487115,1973,32
402734,1973,33
369265,1973,34
420975,1973,35
479190,1973,36
473714,1973,37
467503,1973,38
491710,1973,39
490919,1973,40
479636,1973,41
499883,1973,42
477213,1973,43
467831,1973,44
455410,1973,45
448599,1973,46
443017,1973,47
433650,1973,48
425185,1973,49
429249,1973,50
413264,1973,51
396524,1973,52
362045,1973,53
338867,1973,54
330087,1973,55
319081,1973,56
325274,1973,57
326437,1973,58
321892,1973,59
322520,1973,60
313940,1973,61
323821,1973,62
306952,1973,63
293277,1973,64
284968,1973,65
273314,1973,66
274653,1973,67
257764,1973,68
242597,1973,69
232720,1973,70
212858,1973,71
224559,1973,72
185746,1973,73
159278,1973,74
146928,1973,75
144297,1973,76
131390,1973,77
114152,1973,78
99152,1973,79
92104,1973,80
76521,1973,81
76196,1973,82
61266,1973,83
55142,1973,84
666113,1974,0
659970,1974,1
657203,1974,2
649940,1974,3
640322,1974,4
639459,1974,5
656387,1974,6
656810,1974,7
659666,1974,8
674001,1974,9
661827,1974,10
640473,1974,11
625302,1974,12
633072,1974,13
620751,1974,14
607886,1974,15
599752,1974,16
574843,1974,17
553034,1974,18
538630,1974,19
533465,1974,20
539976,1974,21
519546,1974,22
505943,1974,23
509244,1974,24
540659,1974,25
516987,1974,26
481925,1974,27
502707,1974,28
488269,1974,29
472173,1974,30
441491,1974,31
395180,1974,32
486560,1974,33
402718,1974,34
369452,1974,35
420884,1974,36
479427,1974,37
473470,1974,38
467072,1974,39
491303,1974,40
490556,1974,41
479343,1974,42
497877,1974,43
476102,1974,44
467127,1974,45
454449,1974,46
447590,1974,47
441778,1974,48
432293,1974,49
423784,1974,50
427157,1974,51
411251,1974,52
394017,1974,53
359515,1974,54
336592,1974,55
327670,1974,56
316802,1974,57
322788,1974,58
323626,1974,59
318964,1974,60
319214,1974,61
310406,1974,62
318793,1974,63
302242,1974,64
288502,1974,65
279836,1974,66
267450,1974,67
267213,1974,68
250508,1974,69
234991,1974,70
225058,1974,71
205015,1974,72
214282,1974,73
176853,1974,74
150759,1974,75
138401,1974,76
134954,1974,77
122144,1974,78
105158,1974,79
90535,1974,80
83235,1974,81
68531,1974,82
67040,1974,83
53432,1974,84
679664,1975,0
667915,1975,1
659342,1975,2
657403,1975,3
650859,1975,4
642428,1975,5
641058,1975,6
658029,1975,7
659120,1975,8
660842,1975,9
675277,1975,10
663043,1975,11
641250,1975,12
625644,1975,13
630956,1975,14
618969,1975,15
606268,1975,16
597896,1975,17
572723,1975,18
550216,1975,19
535299,1975,20
529542,1975,21
535725,1975,22
516024,1975,23
502409,1975,24
507105,1975,25
539061,1975,26
515529,1975,27
480936,1975,28
501860,1975,29
487742,1975,30
472130,1975,31
441453,1975,32
395300,1975,33
486013,1975,34
402690,1975,35
369586,1975,36
420746,1975,37
479613,1975,38
473135,1975,39
466592,1975,40
490842,1975,41
490083,1975,42
478947,1975,43
495805,1975,44
474840,1975,45
466290,1975,46
453265,1975,47
446459,1975,48
440282,1975,49
430693,1975,50
422188,1975,51
424888,1975,52
409006,1975,53
391312,1975,54
356768,1975,55
334166,1975,56
324942,1975,57
314216,1975,58
320087,1975,59
320589,1975,60
315669,1975,61
315600,1975,62
306289,1975,63
313504,1975,64
297008,1975,65
283467,1975,66
274053,1975,67
260898,1975,68
259403,1975,69
242361,1975,70
226986,1975,71
216394,1975,72
196237,1975,73
203849,1975,74
167403,1975,75
141852,1975,76
129164,1975,77
125489,1975,78
112116,1975,79
95631,1975,80
81626,1975,81
74542,1975,82
60280,1975,83
58484,1975,84
662526,1976,0
675750,1976,1
666423,1976,2
659916,1976,3
657745,1976,4
651866,1976,5
644604,1976,6
642694,1976,7
659720,1976,8
661444,1976,9
662493,1976,10
676562,1976,11
664252,1976,12
642034,1976,13
625981,1976,14
628835,1976,15
617148,1976,16
604604,1976,17
595986,1976,18
570534,1976,19
547349,1976,20
531950,1976,21
525642,1976,22
531498,1976,23
512499,1976,24
498870,1976,25
505023,1976,26
537478,1976,27
514095,1976,28
479936,1976,29
500986,1976,30
487185,1976,31
472070,1976,32
441390,1976,33
395437,1976,34
485398,1976,35
402622,1976,36
369675,1976,37
420585,1976,38
479704,1976,39
472738,1976,40
466365,1976,41
490211,1976,42
489496,1976,43
478459,1976,44
493548,1976,45
473478,1976,46
465206,1976,47
451896,1976,48
445087,1976,49
438593,1976,50
429002,1976,51
420457,1976,52
422417,1976,53
406565,1976,54
388316,1976,55
353775,1976,56
331451,1976,57
321970,1976,58
311335,1976,59
317023,1976,60
317425,1976,61
312131,1976,62
311530,1976,63
301933,1976,64
307795,1976,65
291462,1976,66
277914,1976,67
267868,1976,68
254062,1976,69
250978,1976,70
233998,1976,71
218589,1976,72
207382,1976,73
187445,1976,74
192882,1976,75
157861,1976,76
132753,1976,77
120101,1976,78
115737,1976,79
99583,1976,80
86695,1976,81
73199,1976,82
65855,1976,83
52646,1976,84
665373,1977,0
661730,1977,1
673422,1977,2
665179,1977,3
660596,1977,4
658147,1977,5
652917,1977,6
646808,1977,7
644353,1977,8
661437,1977,9
663821,1977,10
664610,1977,11
677851,1977,12
665468,1977,13
642808,1977,14
626294,1977,15
626649,1977,16
615296,1977,17
602894,1977,18
594011,1977,19
568347,1977,20
544520,1977,21
528642,1977,22
521764,1977,23
527284,1977,24
508996,1977,25
495358,1977,26
502937,1977,27
535897,1977,28
512647,1977,29
478954,1977,30
500123,1977,31
486645,1977,32
471989,1977,33
441286,1977,34
395555,1977,35
484718,1977,36
402549,1977,37
369784,1977,38
420444,1977,39
479800,1977,40
472357,1977,41
466116,1977,42
489625,1977,43
488876,1977,44
477888,1977,45
491258,1977,46
472030,1977,47
464046,1977,48
450512,1977,49
443487,1977,50
436854,1977,51
427164,1977,52
418563,1977,53
419698,1977,54
403961,1977,55
385163,1977,56
350634,1977,57
328537,1977,58
318829,1977,59
308271,1977,60
313971,1977,61
313929,1977,62
308391,1977,63
307286,1977,64
297421,1977,65
301664,1977,66
285657,1977,67
272008,1977,68
261499,1977,69
246874,1977,70
242273,1977,71
225429,1977,72
209652,1977,73
198268,1977,74
178562,1977,75
181501,1977,76
148362,1977,77
123551,1977,78
110998,1977,79
105523,1977,80
92760,1977,81
77915,1977,82
65101,1977,83
57469,1977,84
644379,1978,0
662489,1978,1
661389,1978,2
671200,1978,3
663997,1978,4
661304,1978,5
658579,1978,6
653988,1978,7
648998,1978,8
646177,1978,9
663149,1978,10
666829,1978,11
666708,1978,12
679094,1978,13
666658,1978,14
643538,1978,15
626566,1978,16
624396,1978,17
613368,1978,18
601122,1978,19
592008,1978,20
566142,1978,21
541665,1978,22
525282,1978,23
517851,1978,24
523060,1978,25
505442,1978,26
491827,1978,27
500835,1978,28
534310,1978,29
511174,1978,30
477937,1978,31
499221,1978,32
486055,1978,33
471897,1978,34
441194,1978,35
395666,1978,36
484101,1978,37
402465,1978,38
369845,1978,39
420250,1978,40
479893,1978,41
471886,1978,42
465786,1978,43
488959,1978,44
488163,1978,45
477218,1978,46
488927,1978,47
470501,1978,48
462879,1978,49
448998,1978,50
441876,1978,51
435042,1978,52
425229,1978,53
416558,1978,54
416928,1978,55
401268,1978,56
381912,1978,57
347380,1978,58
325482,1978,59
315558,1978,60
305185,1978,61
310552,1978,62
310288,1978,63
304442,1978,64
302741,1978,65
292628,1978,66
295285,1978,67
279579,1978,68
265838,1978,69
254792,1978,70
239606,1978,71
233312,1978,72
216610,1978,73
200778,1978,74
188940,1978,75
169485,1978,76
170426,1978,77
138927,1978,78
114430,1978,79
99379,1978,80
95812,1978,81
83698,1978,82
69547,1978,83
57431,1978,84
625320,1979,0
641008,1979,1
660731,1979,2
661928,1979,3
669090,1979,4
662894,1979,5
662073,1979,6
659031,1979,7
655063,1979,8
651205,1979,9
648205,1979,10
664869,1979,11
669790,1979,12
668794,1979,13
680355,1979,14
667798,1979,15
644218,1979,16
626748,1979,17
622064,1979,18
611372,1979,19
599334,1979,20
590016,1979,21
563923,1979,22
538787,1979,23
521930,1979,24
513913,1979,25
518803,1979,26
501900,1979,27
488282,1979,28
498736,1979,29
532676,1979,30
509685,1979,31
476916,1979,32
498297,1979,33
485459,1979,34
471740,1979,35
441038,1979,36
395725,1979,37
483427,1979,38
402297,1979,39
369863,1979,40
420001,1979,41
479878,1979,42
471320,1979,43
465325,1979,44
488188,1979,45
487373,1979,46
476458,1979,47
486393,1979,48
468803,1979,49
461480,1979,50
447292,1979,51
440154,1979,52
432993,1979,53
423091,1979,54
414374,1979,55
413978,1979,56
398387,1979,57
378488,1979,58
343928,1979,59
322050,1979,60
312072,1979,61
301827,1979,62
306994,1979,63
306313,1979,64
300185,1979,65
297818,1979,66
287558,1979,67
288552,1979,68
273176,1979,69
259122,1979,70
247796,1979,71
231890,1979,72
223915,1979,73
207414,1979,74
191433,1979,75
179315,1979,76
160311,1979,77
158961,1979,78
129324,1979,79
105164,1979,80
93210,1979,81
86350,1979,82
74672,1979,83
61464,1979,84
592227,1980,0
621851,1980,1
638742,1980,2
659213,1980,3
663305,1980,4
667042,1980,5
661803,1980,6
662871,1980,7
659508,1980,8
656170,1980,9
653430,1980,10
650259,1980,11
666606,1980,12
672780,1980,13
670894,1980,14
681538,1980,15
668903,1980,16
644846,1980,17
626905,1980,18
619739,1980,19
609426,1980,20
597544,1980,21
588017,1980,22
561721,1980,23
535931,1980,24
518602,1980,25
509991,1980,26
514544,1980,27
498374,1980,28
484765,1980,29
496606,1980,30
531018,1980,31
508212,1980,32
475875,1980,33
497409,1980,34
484858,1980,35
471588,1980,36
440907,1980,37
395781,1980,38
482637,1980,39
402091,1980,40
369869,1980,41
419658,1980,42
479784,1980,43
470680,1980,44
464743,1980,45
487309,1980,46
486535,1980,47
475642,1980,48
483789,1980,49
466996,1980,50
459936,1980,51
445520,1980,52
438174,1980,53
430884,1980,54
420854,1980,55
412019,1980,56
410937,1980,57
395409,1980,58
374892,1980,59
340266,1980,60
318672,1980,61
308442,1980,62
298327,1980,63
303240,1980,64
302084,1980,65
295858,1980,66
292713,1980,67
282290,1980,68
281630,1980,69
266575,1980,70
252336,1980,71
240537,1980,72
224050,1980,73
214515,1980,74
197991,1980,75
181815,1980,76
169619,1980,77
151049,1980,78
147576,1980,79
119917,1980,80
96172,1980,81
84664,1980,82
77230,1980,83
66214,1980,84
574934,1981,0
589396,1981,1
619341,1981,2
636689,1981,3
657835,1981,4
664801,1981,5
665078,1981,6
661258,1981,7
663668,1981,8
660019,1981,9
657606,1981,10
654823,1981,11
651464,1981,12
668325,1981,13
675782,1981,14
671292,1981,15
682701,1981,16
668554,1981,17
644196,1981,18
626006,1981,19
617701,1981,20
607594,1981,21
595849,1981,22
586213,1981,23
559885,1981,24
533709,1981,25
516130,1981,26
506087,1981,27
510312,1981,28
495842,1981,29
481239,1981,30
494434,1981,31
529360,1981,32
506897,1981,33
474930,1981,34
496488,1981,35
484186,1981,36
471187,1981,37
440529,1981,38
395517,1981,39
481824,1981,40
401550,1981,41
369778,1981,42
419337,1981,43
479630,1981,44
469715,1981,45
464170,1981,46
486413,1981,47
485642,1981,48
474348,1981,49
480964,1981,50
464955,1981,51
458307,1981,52
443410,1981,53
436146,1981,54
428540,1981,55
418423,1981,56
409502,1981,57
407639,1981,58
392077,1981,59
371090,1981,60
336540,1981,61
315089,1981,62
304481,1981,63
294992,1981,64
299194,1981,65
297672,1981,66
290678,1981,67
287348,1981,68
276147,1981,69
274450,1981,70
259119,1981,71
245123,1981,72
232173,1981,73
215199,1981,74
204656,1981,75
187901,1981,76
172086,1981,77
159122,1981,78
140884,1981,79
136274,1981,80
94074,1981,81
87205,1981,82
75721,1981,83
68292,1981,84
57260,1981,85
46068,1981,86
36849,1981,87
30233,1981,88
23524,1981,89
19692,1981,90
15342,1981,91
11535,1981,92
7998,1981,93
5391,1981,94
4115,1981,95
2930,1981,96
1992,1981,97
1405,1981,98
1270,1981,99
549898,1982,0
569351,1982,1
589416,1982,2
619747,1982,3
636787,1982,4
658518,1982,5
665809,1982,6
665862,1982,7
661874,1982,8
664305,1982,9
660550,1982,10
657778,1982,11
654517,1982,12
650933,1982,13
667340,1982,14
673506,1982,15
668348,1982,16
680207,1982,17
665289,1982,18
640940,1982,19
622986,1982,20
615711,1982,21
606092,1982,22
594296,1982,23
584750,1982,24
558796,1982,25
532810,1982,26
515365,1982,27
505306,1982,28
509366,1982,29
495374,1982,30
480421,1982,31
493762,1982,32
528252,1982,33
505979,1982,34
474104,1982,35
495864,1982,36
483436,1982,37
470309,1982,38
439674,1982,39
394713,1982,40
480518,1982,41
400345,1982,42
368775,1982,43
418251,1982,44
478150,1982,45
468101,1982,46
462587,1982,47
484582,1982,48
483751,1982,49
472374,1982,50
478511,1982,51
462863,1982,52
455921,1982,53
440994,1982,54
433930,1982,55
426111,1982,56
415840,1982,57
406932,1982,58
404257,1982,59
388832,1982,60
367576,1982,61
333094,1982,62
311130,1982,63
300580,1982,64
290529,1982,65
294207,1982,66
292123,1982,67
284881,1982,68
280949,1982,69
269502,1982,70
266655,1982,71
251361,1982,72
236579,1982,73
223498,1982,74
206365,1982,75
194791,1982,76
178615,1982,77
162156,1982,78
149387,1982,79
131341,1982,80
125006,1982,81
85477,1982,82
78520,1982,83
68016,1982,84
59715,1982,85
50099,1982,86
39710,1982,87
31353,1982,88
25069,1982,89
19321,1982,90
15815,1982,91
12453,1982,92
9104,1982,93
6132,1982,94
4076,1982,95
3080,1982,96
2154,1982,97
1471,1982,98
1071,1982,99
511235,1983,0
547894,1983,1
568909,1983,2
590063,1983,3
620840,1983,4
637386,1983,5
659669,1983,6
666753,1983,7
666650,1983,8
662488,1983,9
664891,1983,10
661094,1983,11
657550,1983,12
654197,1983,13
650404,1983,14
665883,1983,15
670177,1983,16
665359,1983,17
676920,1983,18
661954,1983,19
637657,1983,20
619986,1983,21
614124,1983,22
604574,1983,23
592778,1983,24
583311,1983,25
557677,1983,26
531872,1983,27
514603,1983,28
505169,1983,29
509079,1983,30
494879,1983,31
479562,1983,32
493385,1983,33
527245,1983,34
505009,1983,35
473264,1983,36
495277,1983,37
482656,1983,38
469399,1983,39
438751,1983,40
393818,1983,41
479136,1983,42
399105,1983,43
367583,1983,44
416965,1983,45
476373,1983,46
466369,1983,47
460762,1983,48
482589,1983,49
481556,1983,50
470242,1983,51
476011,1983,52
460550,1983,53
453282,1983,54
438361,1983,55
431591,1983,56
423394,1983,57
412889,1983,58
403932,1983,59
400921,1983,60
385163,1983,61
363572,1983,62
329178,1983,63
307149,1983,64
296373,1983,65
285808,1983,66
288843,1983,67
286275,1983,68
278392,1983,69
274093,1983,70
262049,1983,71
258528,1983,72
242600,1983,73
227530,1983,74
213619,1983,75
196381,1983,76
184896,1983,77
167948,1983,78
151957,1983,79
138286,1983,80
120620,1983,81
114180,1983,82
90194,1983,83
70256,1983,84
59382,1983,85
52178,1983,86
42510,1983,87
33154,1983,88
25735,1983,89
20200,1983,90
15188,1983,91
12586,1983,92
9579,1983,93
6824,1983,94
4405,1983,95
2919,1983,96
2302,1983,97
1529,1983,98
1102,1983,99
480918,1984,0
511275,1984,1
546449,1984,2
568633,1984,3
590718,1984,4
621951,1984,5
637962,1984,6
660832,1984,7
667701,1984,8
667456,1984,9
663140,1984,10
665490,1984,11
661636,1984,12
657348,1984,13
653872,1984,14
649847,1984,15
664332,1984,16
666792,1984,17
662306,1984,18
673570,1984,19
658593,1984,20
634339,1984,21
616935,1984,22
612477,1984,23
603027,1984,24
591178,1984,25
581825,1984,26
556564,1984,27
530941,1984,28
513824,1984,29
504978,1984,30
508762,1984,31
494360,1984,32
478699,1984,33
492974,1984,34
526154,1984,35
503999,1984,36
472364,1984,37
494581,1984,38
481783,1984,39
468408,1984,40
437792,1984,41
392892,1984,42
477639,1984,43
397780,1984,44
366290,1984,45
415586,1984,46
474447,1984,47
464522,1984,48
458859,1984,49
480396,1984,50
479240,1984,51
468006,1984,52
473431,1984,53
458147,1984,54
450432,1984,55
435540,1984,56
429099,1984,57
420524,1984,58
409730,1984,59
400657,1984,60
397199,1984,61
381263,1984,62
359388,1984,63
325063,1984,64
302823,1984,65
291916,1984,66
280759,1984,67
282974,1984,68
280002,1984,69
271790,1984,70
266660,1984,71
254445,1984,72
249685,1984,73
233734,1984,74
217933,1984,75
203790,1984,76
186408,1984,77
174056,1984,78
157536,1984,79
140940,1984,80
127758,1984,81
110483,1984,82
98909,1984,83
80714,1984,84
61728,1984,85
51872,1984,86
44459,1984,87
35958,1984,88
27533,1984,89
20921,1984,90
15968,1984,91
11884,1984,92
9635,1984,93
7254,1984,94
5085,1984,95
3179,1984,96
2030,1984,97
1651,1984,98
976,1984,99
469612,1985,0
480765,1985,1
511899,1985,2
545156,1985,3
568443,1985,4
591426,1985,5
623103,1985,6
638578,1985,7
662038,1985,8
668661,1985,9
668265,1985,10
663785,1985,11
666077,1985,12
662148,1985,13
657442,1985,14
653511,1985,15
649239,1985,16
662697,1985,17
663356,1985,18
659198,1985,19
670182,1985,20
655181,1985,21
630985,1985,22
613890,1985,23
610867,1985,24
601478,1985,25
589602,1985,26
580351,1985,27
555454,1985,28
530002,1985,29
513030,1985,30
504760,1985,31
508451,1985,32
493826,1985,33
477807,1985,34
492518,1985,35
525035,1985,36
502957,1985,37
471423,1985,38
493859,1985,39
480872,1985,40
467391,1985,41
436785,1985,42
391914,1985,43
476039,1985,44
396359,1985,45
364925,1985,46
414125,1985,47
472424,1985,48
462522,1985,49
456714,1985,50
478139,1985,51
476782,1985,52
465585,1985,53
470637,1985,54
455511,1985,55
447461,1985,56
432552,1985,57
426241,1985,58
417331,1985,59
406282,1985,60
397075,1985,61
393104,1985,62
377059,1985,63
354838,1985,64
320657,1985,65
298155,1985,66
287076,1985,67
275470,1985,68
276877,1985,69
273261,1985,70
264655,1985,71
258879,1985,72
246155,1985,73
240513,1985,74
224311,1985,75
207966,1985,76
193562,1985,77
175959,1985,78
163255,1985,79
146684,1985,80
130143,1985,81
116921,1985,82
95936,1985,83
92234,1985,84
71370,1985,85
53909,1985,86
44484,1985,87
37644,1985,88
29791,1985,89
22289,1985,90
16590,1985,91
12413,1985,92
9055,1985,93
7321,1985,94
5441,1985,95
3742,1985,96
2278,1985,97
1440,1985,98
1209,1985,99
451281,1986,0
469656,1986,1
481131,1986,2
512669,1986,3
543918,1986,4
568259,1986,5
592134,1986,6
624288,1986,7
639203,1986,8
663211,1986,9
669634,1986,10
669067,1986,11
664411,1986,12
666675,1986,13
662665,1986,14
657514,1986,15
653094,1986,16
648564,1986,17
661049,1986,18
659858,1986,19
656078,1986,20
666808,1986,21
651741,1986,22
627621,1986,23
610812,1986,24
609225,1986,25
599900,1986,26
587991,1986,27
578863,1986,28
554322,1986,29
529039,1986,30
512219,1986,31
504543,1986,32
508122,1986,33
493272,1986,34
476862,1986,35
491995,1986,36
523900,1986,37
501885,1986,38
470421,1986,39
493078,1986,40
479905,1986,41
466265,1986,42
435659,1986,43
390845,1986,44
474434,1986,45
394907,1986,46
363477,1986,47
412562,1986,48
470222,1986,49
460394,1986,50
454507,1986,51
475645,1986,52
474048,1986,53
462916,1986,54
467570,1986,55
452666,1986,56
444152,1986,57
429309,1986,58
423160,1986,59
413870,1986,60
402594,1986,61
393243,1986,62
388756,1986,63
372516,1986,64
349985,1986,65
315841,1986,66
293087,1986,67
281896,1986,68
269851,1986,69
270024,1986,70
266074,1986,71
256831,1986,72
250320,1986,73
237246,1986,74
230578,1986,75
214146,1986,76
197265,1986,77
182446,1986,78
164802,1986,79
151707,1986,80
135086,1986,81
118772,1986,82
105634,1986,83
89580,1986,84
81353,1986,85
62081,1986,86
45976,1986,87
37312,1986,88
31116,1986,89
23913,1986,90
17461,1986,91
12740,1986,92
9341,1986,93
6579,1986,94
5407,1986,95
3976,1986,96
2647,1986,97
1547,1986,98
1035,1986,99
432682,1987,0
449343,1987,1
470239,1987,2
481597,1987,3
513488,1987,4
542726,1987,5
568086,1987,6
592866,1987,7
625469,1987,8
639854,1987,9
664413,1987,10
670632,1987,11
669892,1987,12
665044,1987,13
667247,1987,14
663152,1987,15
657523,1987,16
652596,1987,17
647757,1987,18
659285,1987,19
656490,1987,20
652923,1987,21
663379,1987,22
648287,1987,23
624208,1987,24
607696,1987,25
607575,1987,26
598294,1987,27
586339,1987,28
577329,1987,29
553132,1987,30
528037,1987,31
511397,1987,32
504293,1987,33
507756,1987,34
492657,1987,35
475877,1987,36
491429,1987,37
522698,1987,38
500714,1987,39
469382,1987,40
492273,1987,41
478882,1987,42
465096,1987,43
434513,1987,44
389727,1987,45
472711,1987,46
393358,1987,47
361916,1987,48
410930,1987,49
467881,1987,50
458127,1987,51
452187,1987,52
473061,1987,53
471297,1987,54
460261,1987,55
464439,1987,56
449666,1987,57
440703,1987,58
425848,1987,59
419808,1987,60
410213,1987,61
398736,1987,62
389268,1987,63
384078,1987,64
367798,1987,65
344980,1987,66
310952,1987,67
287785,1987,68
276528,1987,69
264035,1987,70
263129,1987,71
258487,1987,72
248992,1987,73
241747,1987,74
228447,1987,75
220352,1987,76
204140,1987,77
186934,1987,78
171724,1987,79
154094,1987,80
140195,1987,81
124343,1987,82
108216,1987,83
95351,1987,84
80060,1987,85
71186,1987,86
53927,1987,87
38881,1987,88
31310,1987,89
25399,1987,90
19446,1987,91
13861,1987,92
9840,1987,93
6942,1987,94
4852,1987,95
3901,1987,96
2936,1987,97
1932,1987,98
996,1987,99
420692,1988,0
429817,1988,1
447948,1988,2
470910,1988,3
482090,1988,4
514351,1988,5
541558,1988,6
567942,1988,7
593634,1988,8
626661,1988,9
640539,1988,10
665638,1988,11
671609,1988,12
670711,1988,13
665674,1988,14
667781,1988,15
663564,1988,16
657457,1988,17
652023,1988,18
646894,1988,19
657424,1988,20
653720,1988,21
649819,1988,22
659856,1988,23
644759,1988,24
620749,1988,25
604529,1988,26
605860,1988,27
596650,1988,28
584660,1988,29
575755,1988,30
551899,1988,31
526958,1988,32
510491,1988,33
503998,1988,34
507350,1988,35
492013,1988,36
474847,1988,37
490851,1988,38
521418,1988,39
499513,1988,40
468270,1988,41
491383,1988,42
477755,1988,43
463827,1988,44
433241,1988,45
388486,1988,46
470881,1988,47
391667,1988,48
360302,1988,49
409140,1988,50
465465,1988,51
455744,1988,52
449671,1988,53
470229,1988,54
468455,1988,55
457374,1988,56
461087,1988,57
446399,1988,58
437035,1988,59
422149,1988,60
416203,1988,61
406299,1988,62
394574,1988,63
384913,1988,64
379145,1988,65
362664,1988,66
339566,1988,67
305651,1988,68
282236,1988,69
270655,1988,70
257780,1988,71
255822,1988,72
250472,1988,73
240626,1988,74
232659,1988,75
219148,1988,76
210004,1988,77
193572,1988,78
175954,1988,79
160280,1988,80
142869,1988,81
128663,1988,82
113223,1988,83
97534,1988,84
85039,1988,85
70563,1988,86
61768,1988,87
46145,1988,88
32602,1988,89
25826,1988,90
20506,1988,91
15403,1988,92
10771,1988,93
7448,1988,94
5118,1988,95
3514,1988,96
2807,1988,97
2163,1988,98
1406,1988,99
410145,1989,0
417583,1989,1
427414,1989,2
446618,1989,3
471607,1989,4
482613,1989,5
515217,1989,6
540397,1989,7
567809,1989,8
594419,1989,9
627851,1989,10
641194,1989,11
666856,1989,12
672596,1989,13
671489,1989,14
666240,1989,15
668260,1989,16
663869,1989,17
657268,1989,18
651364,1989,19
645979,1989,20
655538,1989,21
650924,1989,22
646924,1989,23
656343,1989,24
641181,1989,25
617205,1989,26
601287,1989,27
604099,1989,28
594932,1989,29
582898,1989,30
574086,1989,31
550578,1989,32
525847,1989,33
509539,1989,34
503649,1989,35
506869,1989,36
491308,1989,37
473790,1989,38
490177,1989,39
520100,1989,40
498220,1989,41
467067,1989,42
490401,1989,43
476529,1989,44
462466,1989,45
431903,1989,46
387214,1989,47
468848,1989,48
389863,1989,49
358573,1989,50
407190,1989,51
462853,1989,52
453210,1989,53
446963,1989,54
467261,1989,55
465224,1989,56
454152,1989,57
457396,1989,58
442902,1989,59
433013,1989,60
418158,1989,61
412357,1989,62
402114,1989,63
390043,1989,64
380129,1989,65
373820,1989,66
357105,1989,67
333679,1989,68
299900,1989,69
276176,1989,70
264381,1989,71
251045,1989,72
248065,1989,73
242092,1989,74
231652,1989,75
223069,1989,76
209030,1989,77
199164,1989,78
182355,1989,79
164434,1989,80
148285,1989,81
130994,1989,82
117089,1989,83
98188,1989,84
86580,1989,85
74785,1989,86
61142,1989,87
52582,1989,88
38515,1989,89
26610,1989,90
20637,1989,91
16177,1989,92
11851,1989,93
8077,1989,94
5431,1989,95
3655,1989,96
2486,1989,97
1971,1989,98
1614,1989,99
401255,1990,0
404169,1990,1
414876,1990,2
425084,1990,3
445275,1990,4
472315,1990,5
483158,1990,6
516087,1990,7
539244,1990,8
567696,1990,9
595180,1990,10
629063,1990,11
641857,1990,12
668060,1990,13
673528,1990,14
672215,1990,15
666714,1990,16
668569,1990,17
664071,1990,18
657034,1990,19
650651,1990,20
645020,1990,21
653565,1990,22
648085,1990,23
644034,1990,24
652730,1990,25
637545,1990,26
613623,1990,27
597976,1990,28
602284,1990,29
593148,1990,30
581102,1990,31
572393,1990,32
549230,1990,33
524671,1990,34
508523,1990,35
503238,1990,36
506296,1990,37
490525,1990,38
472635,1990,39
489459,1990,40
518721,1990,41
496896,1990,42
465798,1990,43
489320,1990,44
475278,1990,45
461048,1990,46
430430,1990,47
385790,1990,48
466767,1990,49
388018,1990,50
356801,1990,51
405192,1990,52
460107,1990,53
450491,1990,54
444099,1990,55
464070,1990,56
461776,1990,57
450787,1990,58
453477,1990,59
439109,1990,60
428943,1990,61
413974,1990,62
408273,1990,63
397613,1990,64
385249,1990,65
375165,1990,66
368108,1990,67
351159,1990,68
327366,1990,69
293709,1990,70
269734,1990,71
257637,1990,72
243889,1990,73
239790,1990,74
233305,1990,75
222269,1990,76
212975,1990,77
198477,1990,78
187586,1990,79
170706,1990,80
152633,1990,81
136252,1990,82
119290,1990,83
105359,1990,84
90514,1990,85
76106,1990,86
64827,1990,87
52326,1990,88
43877,1990,89
31606,1990,90
21258,1990,91
16170,1990,92
12516,1990,93
9042,1990,94
6081,1990,95
4005,1990,96
2674,1990,97
1819,1990,98
1374,1990,99
390639,1991,0
396615,1991,1
398517,1991,2
412231,1991,3
422807,1991,4
443969,1991,5
473031,1991,6
483690,1991,7
516966,1991,8
538112,1991,9
567572,1991,10
595964,1991,11
630240,1991,12
642475,1991,13
669210,1991,14
674421,1991,15
673730,1991,16
667991,1991,17
668824,1991,18
664884,1991,19
657524,1991,20
650882,1991,21
645156,1991,22
651627,1991,23
647026,1991,24
641672,1991,25
649106,1991,26
636039,1991,27
612114,1991,28
596655,1991,29
600359,1991,30
592772,1991,31
580666,1991,32
571944,1991,33
548971,1991,34
524476,1991,35
508355,1991,36
502760,1991,37
505763,1991,38
490349,1991,39
472129,1991,40
488668,1991,41
517222,1991,42
496088,1991,43
465027,1991,44
488160,1991,45
474352,1991,46
460028,1991,47
429350,1991,48
384724,1991,49
464559,1991,50
386527,1991,51
354790,1991,52
403024,1991,53
457232,1991,54
448107,1991,55
441117,1991,56
460768,1991,57
458269,1991,58
447540,1991,59
449312,1991,60
435366,1991,61
424389,1991,62
409583,1991,63
403805,1991,64
392618,1991,65
379969,1991,66
369603,1991,67
361979,1991,68
344574,1991,69
320484,1991,70
286943,1991,71
262712,1991,72
250195,1991,73
236128,1991,74
231024,1991,75
223860,1991,76
212317,1991,77
202271,1991,78
187463,1991,79
175439,1991,80
158573,1991,81
140426,1991,82
124010,1991,83
107589,1991,84
93736,1991,85
79500,1991,86
65886,1991,87
55230,1991,88
43917,1991,89
35617,1991,90
25302,1991,91
16636,1991,92
12342,1991,93
9439,1991,94
6701,1991,95
4513,1991,96
2911,1991,97
1937,1991,98
1290,1991,99
390956,1992,0
391398,1992,1
397716,1992,2
399988,1992,3
413534,1992,4
424377,1992,5
445669,1992,6
474260,1992,7
485579,1992,8
518949,1992,9
540575,1992,10
570665,1992,11
598954,1992,12
633590,1992,13
645976,1992,14
672371,1992,15
677201,1992,16
676883,1992,17
670919,1992,18
670607,1992,19
666992,1992,20
659597,1992,21
653072,1992,22
647615,1992,23
653390,1992,24
649584,1992,25
644247,1992,26
651050,1992,27
638902,1992,28
614794,1992,29
599329,1992,30
602111,1992,31
595268,1992,32
583091,1992,33
574133,1992,34
550990,1992,35
526319,1992,36
509970,1992,37
503813,1992,38
506597,1992,39
491366,1992,40
472879,1992,41
489212,1992,42
517472,1992,43
496531,1992,44
465331,1992,45
487728,1992,46
474146,1992,47
459873,1992,48
429040,1992,49
384322,1992,50
463599,1992,51
385843,1992,52
353962,1992,53
401939,1992,54
455307,1992,55
446406,1992,56
439185,1992,57
458386,1992,58
455635,1992,59
444710,1992,60
445807,1992,61
431719,1992,62
420226,1992,63
405186,1992,64
398703,1992,65
387236,1992,66
374083,1992,67
363258,1992,68
355118,1992,69
337231,1992,70
312859,1992,71
279556,1992,72
255006,1992,73
242251,1992,74
227995,1992,75
221949,1992,76
214116,1992,77
202207,1992,78
191212,1992,79
176216,1992,80
163299,1992,81
146627,1992,82
128630,1992,83
112521,1992,84
96531,1992,85
83018,1992,86
69482,1992,87
56628,1992,88
46703,1992,89
36535,1992,90
28565,1992,91
19963,1992,92
12767,1992,93
9218,1992,94
6834,1992,95
4703,1992,96
3075,1992,97
1909,1992,98
1298,1992,99
395547,1993,0
394072,1993,1
392987,1993,2
399942,1993,3
402495,1993,4
415628,1993,5
426724,1993,6
447953,1993,7
475629,1993,8
487734,1993,9
521159,1993,10
543778,1993,11
574419,1993,12
602342,1993,13
637384,1993,14
650045,1993,15
675915,1993,16
680304,1993,17
680020,1993,18
673843,1993,19
672708,1993,20
669159,1993,21
661755,1993,22
655351,1993,23
650128,1993,24
655863,1993,25
652176,1993,26
646852,1993,27
654050,1993,28
641735,1993,29
617504,1993,30
602007,1993,31
604530,1993,32
597755,1993,33
585490,1993,34
576290,1993,35
552996,1993,36
528160,1993,37
511577,1993,38
505170,1993,39
507645,1993,40
492318,1993,41
473599,1993,42
489927,1993,43
518059,1993,44
496841,1993,45
465514,1993,46
487426,1993,47
473886,1993,48
459593,1993,49
428576,1993,50
383866,1993,51
462753,1993,52
385094,1993,53
353321,1993,54
401077,1993,55
453362,1993,56
444612,1993,57
437448,1993,58
456062,1993,59
453038,1993,60
441775,1993,61
442071,1993,62
427800,1993,63
415907,1993,64
400580,1993,65
393654,1993,66
381495,1993,67
367815,1993,68
356548,1993,69
347718,1993,70
329555,1993,71
304909,1993,72
271765,1993,73
247063,1993,74
233952,1993,75
219436,1993,76
212597,1993,77
204074,1993,78
191699,1993,79
180117,1993,80
164828,1993,81
151545,1993,82
134858,1993,83
117033,1993,84
98832,1993,85
85775,1993,86
72839,1993,87
60049,1993,88
48094,1993,89
39017,1993,90
29898,1993,91
22675,1993,92
15449,1993,93
9530,1993,94
6634,1993,95
4781,1993,96
3271,1993,97
2079,1993,98
1241,1993,99
384355,1994,0
396256,1994,1
395215,1994,2
394647,1994,3
402204,1994,4
405204,1994,5
417743,1994,6
429068,1994,7
450259,1994,8
476988,1994,9
489893,1994,10
523362,1994,11
546996,1994,12
578164,1994,13
605737,1994,14
641126,1994,15
654071,1994,16
679395,1994,17
683430,1994,18
683158,1994,19
676779,1994,20
674878,1994,21
671371,1994,22
663959,1994,23
657685,1994,24
652675,1994,25
658378,1994,26
654745,1994,27
649430,1994,28
657033,1994,29
644499,1994,30
620189,1994,31
604707,1994,32
606960,1994,33
600230,1994,34
587871,1994,35
578431,1994,36
554980,1994,37
529969,1994,38
513152,1994,39
506477,1994,40
508679,1994,41
493236,1994,42
474264,1994,43
490623,1994,44
518529,1994,45
497063,1994,46
465574,1994,47
486961,1994,48
473509,1994,49
459246,1994,50
428056,1994,51
383300,1994,52
461750,1994,53
384231,1994,54
352577,1994,55
400083,1994,56
451264,1994,57
442626,1994,58
435477,1994,59
453441,1994,60
450203,1994,61
438666,1994,62
438107,1994,63
423672,1994,64
411242,1994,65
395629,1994,66
387872,1994,67
375433,1994,68
361238,1994,69
349523,1994,70
339821,1994,71
321461,1994,72
296474,1994,73
263398,1994,74
238463,1994,75
225275,1994,76
210465,1994,77
202598,1994,78
193633,1994,79
180850,1994,80
168434,1994,81
153191,1994,82
139173,1994,83
122889,1994,84
105587,1994,85
90288,1994,86
75382,1994,87
62996,1994,88
51126,1994,89
40233,1994,90
32082,1994,91
24077,1994,92
17524,1994,93
9583,1994,94
6853,1994,95
4639,1994,96
3261,1994,97
2159,1994,98
1329,1994,99
368535,1995,0
384692,1995,1
397348,1995,2
396399,1995,3
396700,1995,4
404477,1995,5
407911,1995,6
419869,1995,7
431410,1995,8
452564,1995,9
478357,1995,10
492068,1995,11
525580,1995,12
550196,1995,13
581877,1995,14
609107,1995,15
644879,1995,16
658042,1995,17
682889,1995,18
686520,1995,19
686268,1995,20
679722,1995,21
677067,1995,22
673589,1995,23
666144,1995,24
659976,1995,25
655193,1995,26
660847,1995,27
657264,1995,28
651939,1995,29
659916,1995,30
647221,1995,31
622785,1995,32
607270,1995,33
609358,1995,34
602620,1995,35
590185,1995,36
580511,1995,37
556872,1995,38
531683,1995,39
514626,1995,40
507757,1995,41
509617,1995,42
494113,1995,43
474857,1995,44
491200,1995,45
518768,1995,46
497203,1995,47
465631,1995,48
486461,1995,49
473054,1995,50
458833,1995,51
427497,1995,52
382647,1995,53
460613,1995,54
383268,1995,55
351781,1995,56
398875,1995,57
449046,1995,58
440441,1995,59
433383,1995,60
450746,1995,61
447183,1995,62
435212,1995,63
433939,1995,64
419102,1995,65
406364,1995,66
390411,1995,67
382065,1995,68
369039,1995,69
354301,1995,70
341993,1995,71
331612,1995,72
312851,1995,73
287619,1995,74
254712,1995,75
229745,1995,76
216122,1995,77
200998,1995,78
192319,1995,79
182636,1995,80
169481,1995,81
156786,1995,82
141345,1995,83
126837,1995,84
110934,1995,85
94095,1995,86
79368,1995,87
65417,1995,88
53788,1995,89
42777,1995,90
32953,1995,91
25756,1995,92
18979,1995,93
13343,1995,94
8490,1995,95
4736,1995,96
3060,1995,97
2054,1995,98
1344,1995,99
362925,1996,0
368962,1996,1
385343,1996,2
398494,1996,3
397633,1996,4
398797,1996,5
406770,1996,6
410648,1996,7
421997,1996,8
433758,1996,9
454884,1996,10
479728,1996,11
494243,1996,12
527768,1996,13
553388,1996,14
585567,1996,15
612447,1996,16
648533,1996,17
661981,1996,18
686318,1996,19
689595,1996,20
689392,1996,21
682667,1996,22
679258,1996,23
675787,1996,24
668307,1996,25
662242,1996,26
657653,1996,27
663293,1996,28
659734,1996,29
654381,1996,30
662762,1996,31
649874,1996,32
625369,1996,33
609824,1996,34
611620,1996,35
604941,1996,36
592443,1996,37
582560,1996,38
558737,1996,39
533329,1996,40
516046,1996,41
508979,1996,42
510507,1996,43
494867,1996,44
475397,1996,45
491674,1996,46
519020,1996,47
497215,1996,48
465520,1996,49
485791,1996,50
472452,1996,51
458256,1996,52
426715,1996,53
381851,1996,54
459378,1996,55
382147,1996,56
350812,1996,57
397546,1996,58
446588,1996,59
438019,1996,60
430984,1996,61
447767,1996,62
443759,1996,63
431440,1996,64
429116,1996,65
414227,1996,66
401182,1996,67
384851,1996,68
375743,1996,69
362121,1996,70
346798,1996,71
333895,1996,72
322921,1996,73
303766,1996,74
278079,1996,75
245272,1996,76
220300,1996,77
206342,1996,78
190896,1996,79
181570,1996,80
171137,1996,81
157608,1996,82
144660,1996,83
129202,1996,84
114396,1996,85
98900,1996,86
82792,1996,87
68919,1996,88
55842,1996,89
44967,1996,90
35069,1996,91
26433,1996,92
20222,1996,93
14539,1996,94
9867,1996,95
5990,1996,96
3053,1996,97
1846,1996,98
1200,1996,99
364743,1997,0
363678,1997,1
369646,1997,2
385998,1997,3
399656,1997,4
398864,1997,5
400905,1997,6
409055,1997,7
413376,1997,8
424138,1997,9
436128,1997,10
457199,1997,11
481083,1997,12
496399,1997,13
529948,1997,14
556553,1997,15
589224,1997,16
615723,1997,17
652146,1997,18
665892,1997,19
689752,1997,20
692828,1997,21
692503,1997,22
685621,1997,23
681486,1997,24
677986,1997,25
670489,1997,26
664560,1997,27
660176,1997,28
665694,1997,29
662251,1997,30
656909,1997,31
665530,1997,32
652582,1997,33
628032,1997,34
612484,1997,35
613935,1997,36
607379,1997,37
594769,1997,38
584616,1997,39
560573,1997,40
534987,1997,41
517475,1997,42
510091,1997,43
511332,1997,44
495610,1997,45
475832,1997,46
492195,1997,47
519215,1997,48
497175,1997,49
465334,1997,50
485020,1997,51
471790,1997,52
457581,1997,53
425828,1997,54
380920,1997,55
457945,1997,56
380899,1997,57
349706,1997,58
395943,1997,59
443944,1997,60
435411,1997,61
428441,1997,62
444512,1997,63
440131,1997,64
427378,1997,65
424183,1997,66
409063,1997,67
395614,1997,68
378798,1997,69
368896,1997,70
354697,1997,71
338807,1997,72
325339,1997,73
313575,1997,74
293907,1997,75
267892,1997,76
235193,1997,77
210407,1997,78
196036,1997,79
180195,1997,80
170345,1997,81
159286,1997,82
145344,1997,83
132367,1997,84
116681,1997,85
102281,1997,86
87087,1997,87
71751,1997,88
58760,1997,89
46844,1997,90
37001,1997,91
28230,1997,92
20739,1997,93
15432,1997,94
9991,1997,95
6999,1997,96
3980,1997,97
1856,1997,98
1077,1997,99
367201,1998,0
364473,1998,1
364683,1998,2
370382,1998,3
386704,1998,4
400832,1998,5
400121,1998,6
403013,1998,7
411384,1998,8
416123,1998,9
426270,1998,10
438499,1998,11
459503,1998,12
482451,1998,13
498539,1998,14
532104,1998,15
559671,1998,16
592834,1998,17
618954,1998,18
655741,1998,19
669755,1998,20
693177,1998,21
696052,1998,22
695620,1998,23
688594,1998,24
683954,1998,25
680216,1998,26
672728,1998,27
666905,1998,28
662742,1998,29
668209,1998,30
664890,1998,31
659602,1998,32
668500,1998,33
655518,1998,34
630873,1998,35
615315,1998,36
616433,1998,37
609911,1998,38
597178,1998,39
586740,1998,40
562460,1998,41
536653,1998,42
518906,1998,43
511134,1998,44
512125,1998,45
496313,1998,46
476275,1998,47
492648,1998,48
519303,1998,49
497053,1998,50
465100,1998,51
484124,1998,52
470981,1998,53
456807,1998,54
424916,1998,55
379961,1998,56
456392,1998,57
379548,1998,58
348512,1998,59
394290,1998,60
441198,1998,61
432612,1998,62
425547,1998,63
440959,1998,64
436172,1998,65
423051,1998,66
418900,1998,67
403547,1998,68
389671,1998,69
372347,1998,70
361681,1998,71
346833,1998,72
330260,1998,73
316056,1998,74
303719,1998,75
283523,1998,76
257171,1998,77
224644,1998,78
200256,1998,79
185141,1998,80
168998,1998,81
158722,1998,82
147073,1998,83
132966,1998,84
119750,1998,85
104193,1998,86
90323,1998,87
75603,1998,88
61256,1998,89
49337,1998,90
38577,1998,91
29857,1998,92
22286,1998,93
15886,1998,94
11455,1998,95
7773,1998,96
4836,1998,97
2631,1998,98
1159,1998,99
368312,1999,0
367272,1999,1
364955,1999,2
365718,1999,3
371145,1999,4
387424,1999,5
402036,1999,6
401386,1999,7
405131,1999,8
413684,1999,9
418861,1999,10
428403,1999,11
440860,1999,12
461818,1999,13
483805,1999,14
500651,1999,15
534208,1999,16
562731,1999,17
596383,1999,18
622172,1999,19
659361,1999,20
673610,1999,21
696561,1999,22
699264,1999,23
698705,1999,24
691541,1999,25
686438,1999,26
682473,1999,27
674948,1999,28
669236,1999,29
665336,1999,30
670781,1999,31
667545,1999,32
662277,1999,33
671606,1999,34
658500,1999,35
633741,1999,36
618165,1999,37
618914,1999,38
612417,1999,39
599539,1999,40
588793,1999,41
564296,1999,42
538267,1999,43
520222,1999,44
512192,1999,45
512913,1999,46
496917,1999,47
476562,1999,48
492937,1999,49
519306,1999,50
496823,1999,51
464718,1999,52
483170,1999,53
470058,1999,54
455849,1999,55
423810,1999,56
378799,1999,57
454686,1999,58
377997,1999,59
347113,1999,60
392426,1999,61
438100,1999,62
429496,1999,63
422418,1999,64
436945,1999,65
431694,1999,66
418180,1999,67
413251,1999,68
397331,1999,69
383005,1999,70
365255,1999,71
353678,1999,72
338005,1999,73
320775,1999,74
306028,1999,75
292962,1999,76
271975,1999,77
245350,1999,78
213167,1999,79
188955,1999,80
173301,1999,81
156915,1999,82
146376,1999,83
134269,1999,84
119811,1999,85
106841,1999,86
91213,1999,87
78174,1999,88
64091,1999,89
50988,1999,90
40177,1999,91
30791,1999,92
23336,1999,93
16957,1999,94
11734,1999,95
8300,1999,96
5421,1999,97
3199,1999,98
1653,1999,99
384769,2000,0
374462,2000,1
368162,2000,2
365481,2000,3
366787,2000,4
371926,2000,5
388166,2000,6
403225,2000,7
402652,2000,8
407258,2000,9
415984,2000,10
421594,2000,11
430527,2000,12
443230,2000,13
464122,2000,14
485134,2000,15
502716,2000,16
536293,2000,17
565763,2000,18
599898,2000,19
625378,2000,20
662931,2000,21
677453,2000,22
699971,2000,23
702471,2000,24
701805,2000,25
694490,2000,26
688903,2000,27
684699,2000,28
677147,2000,29
671555,2000,30
667898,2000,31
673377,2000,32
670188,2000,33
664952,2000,34
674719,2000,35
661424,2000,36
636545,2000,37
620952,2000,38
621346,2000,39
614818,2000,40
601837,2000,41
590808,2000,42
566036,2000,43
539791,2000,44
521486,2000,45
513095,2000,46
513612,2000,47
497385,2000,48
476796,2000,49
493101,2000,50
519181,2000,51
496514,2000,52
464210,2000,53
482057,2000,54
468964,2000,55
454773,2000,56
422550,2000,57
377507,2000,58
452741,2000,59
376284,2000,60
345437,2000,61
390357,2000,62
434804,2000,63
426093,2000,64
419030,2000,65
432646,2000,66
427003,2000,67
412935,2000,68
407001,2000,69
390888,2000,70
375905,2000,71
357747,2000,72
345073,2000,73
329019,2000,74
311124,2000,75
295658,2000,76
281372,2000,77
260315,2000,78
233388,2000,79
201469,2000,80
176949,2000,81
161519,2000,82
144995,2000,83
133382,2000,84
121109,2000,85
107042,2000,86
93606,2000,87
79197,2000,88
66210,2000,89
53737,2000,90
41973,2000,91
32463,2000,92
24385,2000,93
18060,2000,94
12807,2000,95
8635,2000,96
5947,2000,97
3827,2000,98
2275,2000,99
399010,2001,0
388998,2001,1
376486,2001,2
369505,2001,3
366032,2001,4
367861,2001,5
372719,2001,6
388902,2001,7
404425,2001,8
403920,2001,9
409385,2001,10
418300,2001,11
424341,2001,12
432667,2001,13
445563,2001,14
466391,2001,15
486409,2001,16
504748,2001,17
538311,2001,18
568786,2001,19
603430,2001,20
628538,2001,21
666509,2001,22
681318,2001,23
703350,2001,24
705694,2001,25
704899,2001,26
697425,2001,27
691364,2001,28
686937,2001,29
679362,2001,30
673876,2001,31
670472,2001,32
675945,2001,33
672831,2001,34
667634,2001,35
677743,2001,36
664300,2001,37
639310,2001,38
623674,2001,39
623709,2001,40
617223,2001,41
604112,2001,42
592775,2001,43
567732,2001,44
541236,2001,45
522680,2001,46
513943,2001,47
514259,2001,48
497787,2001,49
476899,2001,50
493100,2001,51
518996,2001,52
496028,2001,53
463634,2001,54
480830,2001,55
467763,2001,56
453539,2001,57
421169,2001,58
376121,2001,59
450672,2001,60
374495,2001,61
343717,2001,62
388103,2001,63
431148,2001,64
422598,2001,65
415178,2001,66
428135,2001,67
422085,2001,68
407550,2001,69
400525,2001,70
384185,2001,71
368420,2001,72
350058,2001,73
336216,2001,74
319749,2001,75
301207,2001,76
285129,2001,77
269820,2001,78
248689,2001,79
221385,2001,80
189865,2001,81
165099,2001,82
149907,2001,83
133443,2001,84
120989,2001,85
108642,2001,86
95129,2001,87
81815,2001,88
68448,2001,89
55936,2001,90
44791,2001,91
34279,2001,92
26054,2001,93
19242,2001,94
13905,2001,95
9677,2001,96
6463,2001,97
4449,2001,98
2865,2001,99
411693,2002,0
408472,2002,1
395943,2002,2
383739,2002,3
376469,2002,4
372873,2002,5
372746,2002,6
376860,2002,7
391293,2002,8
407158,2002,9
409885,2002,10
412799,2002,11
421914,2002,12
428871,2002,13
436066,2002,14
449250,2002,15
469883,2002,16
489406,2002,17
508931,2002,18
543489,2002,19
575443,2002,20
611068,2002,21
636435,2002,22
675215,2002,23
695529,2002,24
714369,2002,25
725579,2002,26
724409,2002,27
716215,2002,28
709097,2002,29
703895,2002,30
695679,2002,31
689476,2002,32
685243,2002,33
687262,2002,34
685733,2002,35
679644,2002,36
684558,2002,37
675129,2002,38
649307,2002,39
632816,2002,40
629911,2002,41
625081,2002,42
611349,2002,43
599393,2002,44
573665,2002,45
546648,2002,46
527500,2002,47
517070,2002,48
517904,2002,49
501037,2002,50
479800,2002,51
494028,2002,52
519553,2002,53
497911,2002,54
465346,2002,55
480373,2002,56
468655,2002,57
454304,2002,58
421724,2002,59
376664,2002,60
449450,2002,61
374499,2002,62
342727,2002,63
386273,2002,64
428216,2002,65
420268,2002,66
411715,2002,67
423806,2002,68
417468,2002,69
402218,2002,70
393852,2002,71
377458,2002,72
360796,2002,73
341991,2002,74
327046,2002,75
310094,2002,76
290956,2002,77
274138,2002,78
258097,2002,79
236421,2002,80
209015,2002,81
177854,2002,82
153280,2002,83
137853,2002,84
121382,2002,85
108724,2002,86
96409,2002,87
83027,2002,88
70380,2002,89
57725,2002,90
46244,2002,91
36190,2002,92
26982,2002,93
20068,2002,94
14551,2002,95
10268,2002,96
6987,2002,97
4584,2002,98
3094,2002,99
429164,2003,0
421912,2003,1
416035,2003,2
404591,2003,3
392604,2003,4
385468,2003,5
381975,2003,6
381295,2003,7
385048,2003,8
399666,2003,9
415433,2003,10
418317,2003,11
420875,2003,12
429944,2003,13
437103,2003,14
444445,2003,15
457475,2003,16
478119,2003,17
500142,2003,18
522083,2003,19
560141,2003,20
594196,2003,21
632142,2003,22
659215,2003,23
699219,2003,24
718080,2003,25
736992,2003,26
747353,2003,27
745199,2003,28
735944,2003,29
727863,2003,30
721702,2003,31
712603,2003,32
705498,2003,33
700419,2003,34
701708,2003,35
698878,2003,36
691649,2003,37
696515,2003,38
685714,2003,39
659211,2003,40
641823,2003,41
638152,2003,42
632902,2003,43
618574,2003,44
605903,2003,45
579609,2003,46
552063,2003,47
532266,2003,48
521324,2003,49
521720,2003,50
504433,2003,51
482837,2003,52
496760,2003,53
521814,2003,54
500074,2003,55
467393,2003,56
481568,2003,57
469834,2003,58
455339,2003,59
422552,2003,60
377391,2003,61
449314,2003,62
374488,2003,63
342228,2003,64
385227,2003,65
425924,2003,66
417315,2003,67
408303,2003,68
419204,2003,69
412400,2003,70
396597,2003,71
387330,2003,72
370310,2003,73
352739,2003,74
333552,2003,75
317498,2003,76
300097,2003,77
280403,2003,78
263003,2003,79
246200,2003,80
224159,2003,81
196670,2003,82
165948,2003,83
141352,2003,84
126118,2003,85
109803,2003,86
96827,2003,87
84597,2003,88
72020,2003,89
60020,2003,90
48211,2003,91
37693,2003,92
28940,2003,93
20991,2003,94
15155,2003,95
10769,2003,96
7439,2003,97
4952,2003,98
3124,2003,99
443076,2004,0
436813,2004,1
427364,2004,2
421766,2004,3
410799,2004,4
398934,2004,5
391975,2004,6
388472,2004,7
387427,2004,8
391068,2004,9
407175,2004,10
422932,2004,11
424474,2004,12
427951,2004,13
437250,2004,14
444592,2004,15
452096,2004,16
465850,2004,17
488242,2004,18
512367,2004,19
536828,2004,20
576966,2004,21
612446,2004,22
651702,2004,23
680087,2004,24
720640,2004,25
737468,2004,26
757135,2004,27
764945,2004,28
762090,2004,29
751819,2004,30
742707,2004,31
735805,2004,32
726032,2004,33
718487,2004,34
713031,2004,35
713590,2004,36
709565,2004,37
701313,2004,38
706501,2004,39
694277,2004,40
667039,2004,41
649095,2004,42
644851,2004,43
639128,2004,44
624263,2004,45
611099,2004,46
584290,2004,47
556255,2004,48
536026,2004,49
524656,2004,50
524759,2004,51
507193,2004,52
485358,2004,53
499043,2004,54
523729,2004,55
501829,2004,56
468941,2004,57
482433,2004,58
470622,2004,59
456085,2004,60
423152,2004,61
377693,2004,62
448792,2004,63
373886,2004,64
341703,2004,65
383708,2004,66
422843,2004,67
413763,2004,68
404184,2004,69
413885,2004,70
406487,2004,71
390147,2004,72
379804,2004,73
362272,2004,74
343815,2004,75
324086,2004,76
306839,2004,77
289115,2004,78
268859,2004,79
250698,2004,80
233068,2004,81
210589,2004,82
183101,2004,83
153001,2004,84
128923,2004,85
113679,2004,86
97624,2004,87
84574,2004,88
72934,2004,89
61015,2004,90
49795,2004,91
39104,2004,92
29796,2004,93
22326,2004,94
15778,2004,95
11123,2004,96
7723,2004,97
5187,2004,98
3313,2004,99
456377,2005,0
454879,2005,1
442571,2005,2
432428,2005,3
427148,2005,4
416886,2005,5
404940,2005,6
398030,2005,7
394706,2005,8
393379,2005,9
396815,2005,10
412873,2005,11
428598,2005,12
430302,2005,13
433533,2005,14
443543,2005,15
451088,2005,16
459840,2005,17
475809,2005,18
500937,2005,19
527757,2005,20
554208,2005,21
596799,2005,22
633486,2005,23
674412,2005,24
703213,2005,25
743965,2005,26
763245,2005,27
779796,2005,28
787830,2005,29
783757,2005,30
771993,2005,31
761490,2005,32
753554,2005,33
743162,2005,34
734980,2005,35
728509,2005,36
728234,2005,37
722527,2005,38
712812,2005,39
716343,2005,40
704493,2005,41
676395,2005,42
657655,2005,43
652828,2005,44
646560,2005,45
631181,2005,46
617369,2005,47
589766,2005,48
561150,2005,49
540324,2005,50
528434,2005,51
528079,2005,52
510030,2005,53
487881,2005,54
501191,2005,55
525625,2005,56
503617,2005,57
470517,2005,58
483358,2005,59
471505,2005,60
456787,2005,61
423392,2005,62
377673,2005,63
447913,2005,64
373000,2005,65
340621,2005,66
381518,2005,67
419287,2005,68
409540,2005,69
399640,2005,70
407948,2005,71
399661,2005,72
382646,2005,73
371835,2005,74
353173,2005,75
334165,2005,76
313627,2005,77
295952,2005,78
276855,2005,79
255979,2005,80
237165,2005,81
219078,2005,82
195908,2005,83
168780,2005,84
139599,2005,85
116664,2005,86
99258,2005,87
85358,2005,88
73376,2005,89
62192,2005,90
50545,2005,91
40621,2005,92
30894,2005,93
23046,2005,94
16712,2005,95
11472,2005,96
7978,2005,97
5263,2005,98
3502,2005,99
472009,2006,0
467434,2006,1
461508,2006,2
448523,2006,3
437777,2006,4
433081,2006,5
423509,2006,6
411417,2006,7
404707,2006,8
401710,2006,9
400005,2006,10
403135,2006,11
419074,2006,12
434623,2006,13
436555,2006,14
439756,2006,15
450136,2006,16
459282,2006,17
470606,2006,18
489289,2006,19
516611,2006,20
545162,2006,21
572865,2006,22
616984,2006,23
654444,2006,24
696049,2006,25
724178,2006,26
763803,2006,27
779450,2006,28
796094,2006,29
802016,2006,30
796916,2006,31
784480,2006,32
773425,2006,33
764989,2006,34
754078,2006,35
745430,2006,36
738525,2006,37
737813,2006,38
731214,2006,39
720602,2006,40
724752,2006,41
711337,2006,42
682561,2006,43
663434,2006,44
658191,2006,45
651605,2006,46
635812,2006,47
621404,2006,48
593359,2006,49
564424,2006,50
543214,2006,51
530975,2006,52
530295,2006,53
511970,2006,54
489519,2006,55
502735,2006,56
526959,2006,57
504610,2006,58
471452,2006,59
483709,2006,60
471838,2006,61
456823,2006,62
423059,2006,63
377136,2006,64
446575,2006,65
371716,2006,66
338815,2006,67
378714,2006,68
414830,2006,69
404738,2006,70
394109,2006,71
401198,2006,72
392610,2006,73
375054,2006,74
362715,2006,75
344116,2006,76
324218,2006,77
303193,2006,78
283817,2006,79
264995,2006,80
243554,2006,81
224259,2006,82
205326,2006,83
182396,2006,84
155624,2006,85
127407,2006,86
104681,2006,87
89733,2006,88
74870,2006,89
62819,2006,90
52296,2006,91
42085,2006,92
32867,2006,93
24618,2006,94
17757,2006,95
12702,2006,96
8503,2006,97
5593,2006,98
3641,2006,99
483683,2007,0
482022,2007,1
474519,2007,2
468302,2007,3
455187,2007,4
444175,2007,5
440014,2007,6
431226,2007,7
419036,2007,8
412553,2007,9
409804,2007,10
407831,2007,11
410673,2007,12
425798,2007,13
441224,2007,14
444373,2007,15
447560,2007,16
458671,2007,17
473189,2007,18
489661,2007,19
509519,2007,20
535671,2007,21
565834,2007,22
594073,2007,23
639089,2007,24
676476,2007,25
717796,2007,26
745033,2007,27
783370,2007,28
801987,2007,29
816132,2007,30
821486,2007,31
815242,2007,32
801587,2007,33
789246,2007,34
780142,2007,35
768756,2007,36
759566,2007,37
752191,2007,38
750915,2007,39
742545,2007,40
730471,2007,41
733006,2007,42
720071,2007,43
690764,2007,44
671087,2007,45
665207,2007,46
658062,2007,47
641706,2007,48
626711,2007,49
598055,2007,50
568621,2007,51
546863,2007,52
534015,2007,53
532861,2007,54
514212,2007,55
491439,2007,56
504124,2007,57
527846,2007,58
505663,2007,59
472405,2007,60
483816,2007,61
471776,2007,62
456490,2007,63
422358,2007,64
376225,2007,65
444577,2007,66
369588,2007,67
336438,2007,68
375312,2007,69
410074,2007,70
399387,2007,71
388165,2007,72
394158,2007,73
384792,2007,74
366487,2007,75
353477,2007,76
334085,2007,77
313387,2007,78
291665,2007,79
271704,2007,80
251861,2007,81
230017,2007,82
210178,2007,83
190676,2007,84
167770,2007,85
141722,2007,86
114589,2007,87
92716,2007,88
78363,2007,89
64367,2007,90
53029,2007,91
43351,2007,92
34184,2007,93
26127,2007,94
19110,2007,95
13352,2007,96
9280,2007,97
6036,2007,98
3880,2007,99
503135,2008,0
494392,2008,1
487580,2008,2
480089,2008,3
473687,2008,4
460378,2008,5
449452,2008,6
445958,2008,7
438062,2008,8
425997,2008,9
419822,2008,10
417501,2008,11
415328,2008,12
417924,2008,13
433766,2008,14
449270,2008,15
452621,2008,16
457338,2008,17
473861,2008,18
490892,2008,19
508932,2008,20
531806,2008,21
560746,2008,22
591803,2008,23
620074,2008,24
665323,2008,25
702790,2008,26
743321,2008,27
768771,2008,28
805977,2008,29
818331,2008,30
833065,2008,31
835533,2008,32
828655,2008,33
814059,2008,34
800926,2008,35
791376,2008,36
779537,2008,37
769910,2008,38
762078,2008,39
760332,2008,40
750898,2008,41
737777,2008,42
741793,2008,43
726258,2008,44
696456,2008,45
676278,2008,46
670207,2008,47
662297,2008,48
645328,2008,49
629682,2008,50
600696,2008,51
570971,2008,52
548784,2008,53
535481,2008,54
533989,2008,55
515106,2008,56
492020,2008,57
505144,2008,58
528531,2008,59
505454,2008,60
472099,2008,61
483217,2008,62
470449,2008,63
455041,2008,64
420714,2008,65
374452,2008,66
441642,2008,67
366461,2008,68
333438,2008,69
371099,2008,70
404450,2008,71
393159,2008,72
381521,2008,73
386198,2008,74
375905,2008,75
357119,2008,76
343189,2008,77
323165,2008,78
301666,2008,79
279366,2008,80
258131,2008,81
238079,2008,82
215750,2008,83
195515,2008,84
175650,2008,85
152759,2008,86
127532,2008,87
93661,2008,88
81196,2008,89
67567,2008,90
54430,2008,91
43920,2008,92
35187,2008,93
27305,2008,94
20487,2008,95
14517,2008,96
9823,2008,97
6667,2008,98
4208,2008,99
519525,2009,0
509792,2009,1
497365,2009,2
490368,2009,3
482717,2009,4
476109,2009,5
462726,2009,6
451806,2009,7
448938,2009,8
442061,2009,9
430098,2009,10
424080,2009,11
422139,2009,12
419758,2009,13
422987,2009,14
439812,2009,15
456014,2009,16
458901,2009,17
466841,2009,18
484268,2009,19
502909,2009,20
521793,2009,21
545265,2009,22
574630,2009,23
606204,2009,24
634832,2009,25
679559,2009,26
715830,2009,27
755908,2009,28
780100,2009,29
816375,2009,30
827314,2009,31
841948,2009,32
838886,2009,33
831783,2009,34
817072,2009,35
803943,2009,36
794383,2009,37
782142,2009,38
772492,2009,39
764551,2009,40
762945,2009,41
753008,2009,42
739772,2009,43
745555,2009,44
727647,2009,45
697537,2009,46
677168,2009,47
672438,2009,48
662504,2009,49
645447,2009,50
629649,2009,51
600325,2009,52
570371,2009,53
548049,2009,54
535194,2009,55
533013,2009,56
514001,2009,57
490795,2009,58
504290,2009,59
527523,2009,60
503917,2009,61
470334,2009,62
481258,2009,63
468110,2009,64
452609,2009,65
418029,2009,66
371510,2009,67
437570,2009,68
362426,2009,69
329392,2009,70
366160,2009,71
397985,2009,72
386173,2009,73
374176,2009,74
377335,2009,75
366404,2009,76
346985,2009,77
332045,2009,78
311329,2009,79
289056,2009,80
266015,2009,81
244230,2009,82
223696,2009,83
201117,2009,84
180500,2009,85
160217,2009,86
137748,2009,87
113560,2009,88
89318,2009,89
70096,2009,90
57292,2009,91
45207,2009,92
35791,2009,93
28131,2009,94
21374,2009,95
15666,2009,96
9945,2009,97
7099,2009,98
4760,2009,99
493974,2010,0
520785,2010,1
510697,2010,2
498684,2010,3
491649,2010,4
483779,2010,5
476924,2010,6
463502,2010,7
452702,2010,8
450255,2010,9
443892,2010,10
431927,2010,11
426184,2010,12
424557,2010,13
421920,2010,14
425870,2010,15
443250,2010,16
460327,2010,17
463226,2010,18
472476,2010,19
489986,2010,20
508399,2010,21
526665,2010,22
550031,2010,23
578952,2010,24
609717,2010,25
637615,2010,26
681833,2010,27
716715,2010,28
756407,2010,29
779876,2010,30
816109,2010,31
827030,2010,32
841399,2010,33
837106,2010,34
830409,2010,35
816057,2010,36
803023,2010,37
793693,2010,38
781603,2010,39
771872,2010,40
764091,2010,41
763192,2010,42
752658,2010,43
739382,2010,44
745554,2010,45
727068,2010,46
696814,2010,47
676368,2010,48
671725,2010,49
661534,2010,50
644353,2010,51
628397,2010,52
598960,2010,53
568975,2010,54
546631,2010,55
533599,2010,56
531185,2010,57
512246,2010,58
489002,2010,59
502562,2010,60
525738,2010,61
501847,2010,62
468054,2010,63
478523,2010,64
465317,2010,65
449520,2010,66
414633,2010,67
368044,2010,68
432844,2010,69
358074,2010,70
324996,2010,71
360552,2010,72
390794,2010,73
378593,2010,74
365894,2010,75
367947,2010,76
356375,2010,77
336369,2010,78
320127,2010,79
298946,2010,80
275927,2010,81
252335,2010,82
229793,2010,83
209151,2010,84
186398,2010,85
165757,2010,86
145479,2010,87
123341,2010,88
96217,2010,89
77604,2010,90
59876,2010,91
48080,2010,92
37260,2010,93
29015,2010,94
22383,2010,95
16631,2010,96
11980,2010,97
8139,2010,98
5252,2010,99
484004,2011,0
494927,2011,1
520875,2011,2
511427,2011,3
499792,2011,4
492554,2011,5
484659,2011,6
477676,2011,7
464166,2011,8
453296,2011,9
451203,2011,10
445417,2011,11
433570,2011,12
428100,2011,13
426564,2011,14
423792,2011,15
428009,2011,16
446188,2011,17
464552,2011,18
467419,2011,19
477383,2011,20
495028,2011,21
512591,2011,22
530195,2011,23
553069,2011,24
580841,2011,25
610791,2011,26
637917,2011,27
681192,2011,28
715183,2011,29
754073,2011,30
777432,2011,31
813589,2011,32
824679,2011,33
839112,2011,34
834929,2011,35
828513,2011,36
814425,2011,37
801695,2011,38
792712,2011,39
780597,2011,40
770948,2011,41
763361,2011,42
762814,2011,43
752050,2011,44
738792,2011,45
744772,2011,46
726227,2011,47
696171,2011,48
675681,2011,49
670579,2011,50
660446,2011,51
643115,2011,52
627072,2011,53
597529,2011,54
567387,2011,55
545044,2011,56
531777,2011,57
529365,2011,58
510375,2011,59
487237,2011,60
500564,2011,61
523413,2011,62
499272,2011,63
465463,2011,64
475734,2011,65
462264,2011,66
446015,2011,67
410860,2011,68
364202,2011,69
427708,2011,70
353298,2011,71
319879,2011,72
354442,2011,73
383006,2011,74
370444,2011,75
357264,2011,76
357895,2011,77
345716,2011,78
324918,2011,79
307637,2011,80
285744,2011,81
262121,2011,82
238015,2011,83
215033,2011,84
193970,2011,85
171131,2011,86
150619,2011,87
130537,2011,88
109040,2011,89
87150,2011,90
66493,2011,91
50516,2011,92
39842,2011,93
30288,2011,94
23163,2011,95
17584,2011,96
12871,2011,97
9084,2011,98
6024,2011,99
475603,2012,0
483549,2012,1
494158,2012,2
521121,2012,3
510575,2012,4
499231,2012,5
492014,2012,6
484470,2012,7
477540,2012,8
464053,2012,9
453195,2012,10
451617,2012,11
445694,2012,12
433995,2012,13
429967,2012,14
427679,2012,15
425081,2012,16
430624,2012,17
450268,2012,18
468595,2012,19
471225,2012,20
482020,2012,21
499445,2012,22
516940,2012,23
534183,2012,24
555641,2012,25
582468,2012,26
611131,2012,27
637173,2012,28
679501,2012,29
712602,2012,30
750842,2012,31
774154,2012,32
810101,2012,33
821756,2012,34
836295,2012,35
830179,2012,36
823813,2012,37
809849,2012,38
798714,2012,39
788896,2012,40
776507,2012,41
767229,2012,42
759975,2012,43
761985,2012,44
749117,2012,45
735779,2012,46
743771,2012,47
723516,2012,48
693427,2012,49
672882,2012,50
669301,2012,51
657581,2012,52
640163,2012,53
624221,2012,54
594747,2012,55
564687,2012,56
542222,2012,57
530113,2012,58
526710,2012,59
507514,2012,60
484535,2012,61
498624,2012,62
520838,2012,63
495966,2012,64
462241,2012,65
472709,2012,66
458073,2012,67
441541,2012,68
406095,2012,69
359553,2012,70
422244,2012,71
347661,2012,72
314520,2012,73
347863,2012,74
374869,2012,75
361190,2012,76
347690,2012,77
347179,2012,78
333308,2012,79
311810,2012,80
294100,2012,81
270775,2012,82
246459,2012,83
221903,2012,84
199246,2012,85
177074,2012,86
154317,2012,87
133999,2012,88
114311,2012,89
93910,2012,90
73583,2012,91
55020,2012,92
41292,2012,93
31687,2012,94
23515,2012,95
17646,2012,96
13281,2012,97
9390,2012,98
6551,2012,99
4051,2012,100
2501,2012,101
1645,2012,102
996,2012,103
604,2012,104
451972,2013,0
474677,2013,1
481249,2013,2
492586,2013,3
519009,2013,4
508536,2013,5
497079,2013,6
490140,2013,7
482644,2013,8
476170,2013,9
462724,2013,10
451885,2013,11
450833,2013,12
444873,2013,13
433138,2013,14
429959,2013,15
427602,2013,16
425276,2013,17
432482,2013,18
451982,2013,19
470458,2013,20
473056,2013,21
484011,2013,22
500488,2013,23
517345,2013,24
533293,2013,25
553315,2013,26
578682,2013,27
606670,2013,28
631564,2013,29
672597,2013,30
705188,2013,31
742947,2013,32
765962,2013,33
802118,2013,34
813898,2013,35
828841,2013,36
822880,2013,37
817043,2013,38
802359,2013,39
792644,2013,40
781825,2013,41
769586,2013,42
760666,2013,43
754065,2013,44
757006,2013,45
743826,2013,46
730671,2013,47
739444,2013,48
718662,2013,49
688602,2013,50
668305,2013,51
665100,2013,52
652886,2013,53
635675,2013,54
619804,2013,55
590402,2013,56
560539,2013,57
538005,2013,58
526530,2013,59
523164,2013,60
503756,2013,61
480621,2013,62
494698,2013,63
516723,2013,64
491550,2013,65
457969,2013,66
467793,2013,67
452895,2013,68
436065,2013,69
400565,2013,70
354059,2013,71
415290,2013,72
341358,2013,73
307953,2013,74
339794,2013,75
365438,2013,76
351326,2013,77
336737,2013,78
334876,2013,79
320655,2013,80
298487,2013,81
278996,2013,82
255759,2013,83
231065,2013,84
206280,2013,85
182216,2013,86
160817,2013,87
138462,2013,88
118580,2013,89
99578,2013,90
80375,2013,91
61945,2013,92
45598,2013,93
33265,2013,94
25141,2013,95
18357,2013,96
13415,2013,97
9776,2013,98
6950,2013,99
4285,2013,100
2589,2013,101
1602,2013,102
960,2013,103
573,2013,104
423444,2014,0
451484,2014,1
471029,2014,2
479413,2014,3
490277,2014,4
516643,2014,5
506145,2014,6
495231,2014,7
488717,2014,8
481414,2014,9
474741,2014,10
461445,2014,11
451020,2014,12
449762,2014,13
444269,2014,14
432524,2014,15
429185,2014,16
427403,2014,17
425978,2014,18
432927,2014,19
452340,2014,20
470401,2014,21
472556,2014,22
483655,2014,23
498713,2014,24
513825,2014,25
528045,2014,26
547209,2014,27
570822,2014,28
598045,2014,29
621911,2014,30
662387,2014,31
694712,2014,32
731912,2014,33
755431,2014,34
791885,2014,35
804384,2014,36
819116,2014,37
814128,2014,38
808822,2014,39
795963,2014,40
784968,2014,41
775676,2014,42
763810,2014,43
755258,2014,44
748245,2014,45
750888,2014,46
738983,2014,47
725974,2014,48
734100,2014,49
714107,2014,50
684011,2014,51
664193,2014,52
659853,2014,53
648461,2014,54
631364,2014,55
615479,2014,56
586237,2014,57
556517,2014,58
534143,2014,59
522233,2014,60
518944,2014,61
499934,2014,62
476843,2014,63
490174,2014,64
511996,2014,65
486932,2014,66
453251,2014,67
462180,2014,68
447131,2014,69
429916,2014,70
394335,2014,71
348174,2014,72
407607,2014,73
334360,2014,74
300680,2014,75
331344,2014,76
355247,2014,77
340497,2014,78
325153,2014,79
321908,2014,80
306853,2014,81
284044,2014,82
263453,2014,83
239722,2014,84
214776,2014,85
189767,2014,86
165712,2014,87
144449,2014,88
122506,2014,89
103299,2014,90
85304,2014,91
67703,2014,92
51177,2014,93
37055,2014,94
26311,2014,95
19481,2014,96
13953,2014,97
9818,2014,98
7211,2014,99
4425,2014,100
2630,2014,101
1506,2014,102
942,2014,103
570,2014,104
424910,2015,0
425286,2015,1
451086,2015,2
470058,2015,3
478801,2015,4
489252,2015,5
514910,2015,6
504949,2015,7
494299,2015,8
487951,2015,9
480697,2015,10
474212,2015,11
461217,2015,12
450940,2015,13
449714,2015,14
444376,2015,15
432554,2015,16
429727,2015,17
429317,2015,18
428834,2015,19
435816,2015,20
454958,2015,21
472588,2015,22
474727,2015,23
484860,2015,24
499099,2015,25
513657,2015,26
526579,2015,27
545306,2015,28
567532,2015,29
594234,2015,30
617792,2015,31
657554,2015,32
689532,2015,33
726794,2015,34
750305,2015,35
786532,2015,36
798979,2015,37
814016,2015,38
810077,2015,39
804761,2015,40
792079,2015,41
780495,2015,42
772058,2015,43
760584,2015,44
751762,2015,45
744890,2015,46
747084,2015,47
735896,2015,48
723058,2015,49
730277,2015,50
710784,2015,51
680921,2015,52
660772,2015,53
656081,2015,54
645078,2015,55
627940,2015,56
611879,2015,57
582713,2015,58
552922,2015,59
530593,2015,60
518778,2015,61
515134,2015,62
496282,2015,63
473306,2015,64
486035,2015,65
507311,2015,66
482153,2015,67
448123,2015,68
456627,2015,69
440980,2015,70
423483,2015,71
388013,2015,72
341991,2015,73
399580,2015,74
327060,2015,75
293119,2015,76
322424,2015,77
344589,2015,78
328787,2015,79
313089,2015,80
308365,2015,81
291740,2015,82
268423,2015,83
247213,2015,84
222321,2015,85
196859,2015,86
171975,2015,87
148866,2015,88
127046,2015,89
105854,2015,90
87499,2015,91
70896,2015,92
55080,2015,93
40741,2015,94
28843,2015,95
20090,2015,96
14498,2015,97
10132,2015,98
7268,2015,99
4525,2015,100
2660,2015,101
1561,2015,102
893,2015,103
503,2015,104
418003,2016,0
427184,2016,1
426810,2016,2
451942,2016,3
469776,2016,4
478811,2016,5
488618,2016,6
513948,2016,7
504532,2016,8
494281,2016,9
488167,2016,10
480775,2016,11
474599,2016,12
461811,2016,13
451929,2016,14
450774,2016,15
445860,2016,16
434244,2016,17
432518,2016,18
433134,2016,19
432713,2016,20
439439,2016,21
458523,2016,22
476243,2016,23
478841,2016,24
488028,2016,25
501542,2016,26
515391,2016,27
527456,2016,28
545620,2016,29
567517,2016,30
593372,2016,31
617012,2016,32
656065,2016,33
687594,2016,34
724589,2016,35
748009,2016,36
784127,2016,37
796430,2016,38
811594,2016,39
808144,2016,40
802624,2016,41
789848,2016,42
778353,2016,43
769970,2016,44
758423,2016,45
749584,2016,46
742665,2016,47
744500,2016,48
733748,2016,49
721119,2016,50
727569,2016,51
708102,2016,52
678393,2016,53
658271,2016,54
653147,2016,55
642393,2016,56
625062,2016,57
608782,2016,58
579589,2016,59
549837,2016,60
527554,2016,61
515367,2016,62
511707,2016,63
492839,2016,64
469852,2016,65
481876,2016,66
502197,2016,67
476856,2016,68
442759,2016,69
450459,2016,70
434734,2016,71
416651,2016,72
381293,2016,73
335449,2016,74
391068,2016,75
319352,2016,76
285180,2016,77
312585,2016,78
332660,2016,79
316709,2016,80
299768,2016,81
293011,2016,82
276229,2016,83
252242,2016,84
229187,2016,85
205203,2016,86
179707,2016,87
154891,2016,88
131518,2016,89
111034,2016,90
90903,2016,91
73779,2016,92
58517,2016,93
44564,2016,94
32354,2016,95
22480,2016,96
15305,2016,97
10822,2016,98
7430,2016,99
4160,2016,100
2824,2016,101
1765,2016,102
977,2016,103
584,2016,104
408346,2017,0
420930,2017,1
429017,2017,2
429174,2017,3
453510,2017,4
470187,2017,5
479332,2017,6
489006,2017,7
513996,2017,8
505127,2017,9
494994,2017,10
488943,2017,11
481994,2017,12
475847,2017,13
463388,2017,14
453695,2017,15
452974,2017,16
448471,2017,17
438178,2017,18
437113,2017,19
438711,2017,20
438718,2017,21
444454,2017,22
463887,2017,23
481596,2017,24
485553,2017,25
493187,2017,26
506048,2017,27
519310,2017,28
530744,2017,29
547975,2017,30
569602,2017,31
595160,2017,32
618074,2017,33
656780,2017,34
688019,2017,35
724992,2017,36
747805,2017,37
783525,2017,38
795438,2017,39
810344,2017,40
806872,2017,41
801255,2017,42
788560,2017,43
776781,2017,44
768645,2017,45
757066,2017,46
747780,2017,47
740764,2017,48
742650,2017,49
731948,2017,50
719114,2017,51
725363,2017,52
706066,2017,53
676083,2017,54
655866,2017,55
650663,2017,56
639525,2017,57
622042,2017,58
605984,2017,59
576644,2017,60
546861,2017,61
524543,2017,62
512187,2017,63
508232,2017,64
489437,2017,65
466158,2017,66
477473,2017,67
496944,2017,68
471395,2017,69
437205,2017,70
444214,2017,71
427807,2017,72
409519,2017,73
373894,2017,74
328025,2017,75
381883,2017,76
310832,2017,77
276815,2017,78
302460,2017,79
320387,2017,80
303491,2017,81
285722,2017,82
277555,2017,83
259247,2017,84
234592,2017,85
211192,2017,86
186617,2017,87
161301,2017,88
136753,2017,89
114233,2017,90
94497,2017,91
75968,2017,92
60328,2017,93
46700,2017,94
34684,2017,95
24588,2017,96
16839,2017,97
11260,2017,98
7772,2017,99
4246,2017,100
2774,2017,101
1779,2017,102
1091,2017,103
592,2017,104
391738,2018,0
413253,2018,1
425295,2018,2
432794,2018,3
433066,2018,4
456405,2018,5
471630,2018,6
481032,2018,7
490850,2018,8
515333,2018,9
507109,2018,10
496813,2018,11
491097,2018,12
484179,2018,13
478295,2018,14
466232,2018,15
456873,2018,16
457196,2018,17
454797,2018,18
445944,2018,19
444769,2018,20
448107,2018,21
448640,2018,22
454692,2018,23
473546,2018,24
491087,2018,25
496842,2018,26
502079,2018,27
513992,2018,28
526286,2018,29
536930,2018,30
553325,2018,31
574084,2018,32
599051,2018,33
621184,2018,34
659405,2018,35
690712,2018,36
726580,2018,37
748835,2018,38
784126,2018,39
795672,2018,40
810239,2018,41
807799,2018,42
802199,2018,43
789263,2018,44
777268,2018,45
768880,2018,46
757059,2018,47
747538,2018,48
740085,2018,49
741057,2018,50
730915,2018,51
718096,2018,52
723509,2018,53
704569,2018,54
674530,2018,55
654179,2018,56
648031,2018,57
637162,2018,58
619540,2018,59
603326,2018,60
574088,2018,61
544193,2018,62
521640,2018,63
508991,2018,64
505132,2018,65
486146,2018,66
462505,2018,67
472838,2018,68
491266,2018,69
465619,2018,70
431260,2018,71
437354,2018,72
420620,2018,73
401755,2018,74
366038,2018,75
320243,2018,76
371952,2018,77
301670,2018,78
267462,2018,79
291109,2018,80
306998,2018,81
288803,2018,82
270520,2018,83
260713,2018,84
241253,2018,85
216065,2018,86
192344,2018,87
167534,2018,88
142484,2018,89
118797,2018,90
97348,2018,91
78901,2018,92
62050,2018,93
48145,2018,94
36442,2018,95
26355,2018,96
18312,2018,97
12424,2018,98
8194,2018,99
4444,2018,100
2734,2018,101
1701,2018,102
1085,2018,103
628,2018,104
369475,2019,0
396241,2019,1
418510,2019,2
430054,2019,3
437470,2019,4
438331,2019,5
460283,2019,6
474308,2019,7
484421,2019,8
494122,2019,9
518046,2019,10
510586,2019,11
500066,2019,12
494599,2019,13
488039,2019,14
482473,2019,15
471064,2019,16
463156,2019,17
466191,2019,18
465890,2019,19
457303,2019,20
456585,2019,21
460755,2019,22
462679,2019,23
469781,2019,24
487082,2019,25
504272,2019,26
511382,2019,27
516292,2019,28
526414,2019,29
537763,2019,30
548004,2019,31
562320,2019,32
582482,2019,33
606552,2019,34
628229,2019,35
665875,2019,36
696761,2019,37
732194,2019,38
753390,2019,39
787883,2019,40
798635,2019,41
812759,2019,42
811703,2019,43
805679,2019,44
792430,2019,45
780128,2019,46
771368,2019,47
759300,2019,48
749546,2019,49
741641,2019,50
741160,2019,51
732102,2019,52
718769,2019,53
722747,2019,54
704776,2019,55
674338,2019,56
653747,2019,57
646367,2019,58
636158,2019,59
618242,2019,60
601826,2019,61
572345,2019,62
542286,2019,63
519610,2019,64
506173,2019,65
502521,2019,66
483192,2019,67
459190,2019,68
468157,2019,69
485688,2019,70
460178,2019,71
425559,2019,72
430381,2019,73
413485,2019,74
394124,2019,75
358270,2019,76
312647,2019,77
361290,2019,78
292509,2019,79
257425,2019,80
279101,2019,81
292631,2019,82
274196,2019,83
254612,2019,84
242829,2019,85
223237,2019,86
197726,2019,87
173114,2019,88
149223,2019,89
124872,2019,90
97910,2019,91
81774,2019,92
65293,2019,93
50307,2019,94
38127,2019,95
28070,2019,96
19833,2019,97
13537,2019,98
9148,2019,99
4752,2019,100
3018,2019,101
1789,2019,102
987,2019,103
639,2019,104
360869,2020,0
374063,2020,1
402245,2020,2
424341,2020,3
435692,2020,4
443317,2020,5
442713,2020,6
465474,2020,7
478925,2020,8
489664,2020,9
498810,2020,10
522118,2020,11
513828,2020,12
503492,2020,13
497907,2020,14
491829,2020,15
486440,2020,16
476079,2020,17
470623,2020,18
475981,2020,19
475809,2020,20
467513,2020,21
469018,2020,22
472882,2020,23
475371,2020,24
483500,2020,25
503087,2020,26
519510,2020,27
523487,2020,28
528459,2020,29
538964,2020,30
550429,2020,31
558534,2020,32
573090,2020,33
593051,2020,34
616615,2020,35
637522,2020,36
674479,2020,37
704459,2020,38
739487,2020,39
759967,2020,40
793597,2020,41
803511,2020,42
817226,2020,43
814750,2020,44
808196,2020,45
794802,2020,46
782046,2020,47
773066,2020,48
760690,2020,49
750492,2020,50
742120,2020,51
742400,2020,52
732063,2020,53
718559,2020,54
723043,2020,55
703956,2020,56
673275,2020,57
652375,2020,58
645571,2020,59
634260,2020,60
616038,2020,61
599138,2020,62
569587,2020,63
539156,2020,64
516417,2020,65
503828,2020,66
498634,2020,67
478845,2020,68
454499,2020,69
463711,2020,70
480302,2020,71
453266,2020,72
418453,2020,73
423135,2020,74
404529,2020,75
384654,2020,76
348719,2020,77
303354,2020,78
350599,2020,79
281376,2020,80
247353,2020,81
266691,2020,82
277956,2020,83
256825,2020,84
238236,2020,85
224904,2020,86
204124,2020,87
176981,2020,88
154396,2020,89
129054,2020,90
106540,2020,91
84740,2020,92
67473,2020,93
51659,2020,94
39246,2020,95
28648,2020,96
20764,2020,97
14175,2020,98
9682,2020,99
5104,2020,100
3119,2020,101
1844,2020,102
1058,2020,103
605,2020,104
339465,2021,0
365236,2021,1
376033,2021,2
404168,2021,3
427005,2021,4
438615,2021,5
446171,2021,6
447622,2021,7
468404,2021,8
481121,2021,9
492448,2021,10
501097,2021,11
524181,2021,12
524360,2021,13
505955,2021,14
503310,2021,15
497190,2021,16
488458,2021,17
489229,2021,18
477213,2021,19
482248,2021,20
484508,2021,21
475448,2021,22
477031,2021,23
482708,2021,24
482143,2021,25
492226,2021,26
511441,2021,27
527352,2021,28
529464,2021,29
535612,2021,30
545673,2021,31
556926,2021,32
564503,2021,33
578945,2021,34
598460,2021,35
621758,2021,36
642557,2021,37
678878,2021,38
708224,2021,39
742702,2021,40
762849,2021,41
796015,2021,42
805438,2021,43
818852,2021,44
816429,2021,45
813000,2021,46
796712,2021,47
783936,2021,48
777148,2021,49
764656,2021,50
750861,2021,51
739587,2021,52
748489,2021,53
733478,2021,54
717970,2021,55
721817,2021,56
713776,2021,57
679268,2021,58
654416,2021,59
643008,2021,60
640868,2021,61
621870,2021,62
600040,2021,63
573909,2021,64
536867,2021,65
520526,2021,66
499477,2021,67
496391,2021,68
477377,2021,69
460038,2021,70
457088,2021,71
472417,2021,72
465994,2021,73
405919,2021,74
414640,2021,75
398798,2021,76
378693,2021,77
353858,2021,78
288008,2021,79
336309,2021,80
306709,2021,81
234217,2021,82
250908,2021,83
259304,2021,84
241373,2021,85
218538,2021,86
202786,2021,87
183227,2021,88
159352,2021,89
135387,2021,90
112012,2021,91
90154,2021,92
70572,2021,93
53839,2021,94
40699,2021,95
30200,2021,96
21749,2021,97
15147,2021,98
9841,2021,99
5872,2021,100
3617,2021,101
1889,2021,102
1162,2021,103
643,2021,104
339110,2022,0
346269,2022,1
360922,2022,2
381073,2022,3
407403,2022,4
429321,2022,5
442281,2022,6
451296,2022,7
456559,2022,8
471776,2022,9
485286,2022,10
498864,2022,11
503800,2022,12
526652,2022,13
532820,2022,14
514363,2022,15
511196,2022,16
506154,2022,17
502744,2022,18
505773,2022,19
493459,2022,20
496752,2022,21
501514,2022,22
492948,2022,23
487865,2022,24
501632,2022,25
497982,2022,26
505223,2022,27
518792,2022,28
538097,2022,29
546237,2022,30
546537,2022,31
555833,2022,32
562932,2022,33
571432,2022,34
586272,2022,35
600216,2022,36
623210,2022,37
643936,2022,38
679909,2022,39
708842,2022,40
742824,2022,41
762944,2022,42
795337,2022,43
806365,2022,44
818429,2022,45
822000,2022,46
817865,2022,47
800974,2022,48
787622,2022,49
781081,2022,50
768004,2022,51
752836,2022,52
741963,2022,53
749556,2022,54
734940,2022,55
719274,2022,56
720224,2022,57
714654,2022,58
679382,2022,59
654208,2022,60
640071,2022,61
639665,2022,62
620491,2022,63
597719,2022,64
571541,2022,65
534032,2022,66
517665,2022,67
495138,2022,68
492386,2022,69
473052,2022,70
455267,2022,71
450902,2022,72
465296,2022,73
458629,2022,74
398641,2022,75
406196,2022,76
389474,2022,77
368713,2022,78
343101,2022,79
278276,2022,80
322563,2022,81
293124,2022,82
221993,2022,83
236192,2022,84
242100,2022,85
223059,2022,86
199699,2022,87
182864,2022,88
162576,2022,89
138628,2022,90
116074,2022,91
93795,2022,92
73552,2022,93
56524,2022,94
41863,2022,95
30650,2022,96
22335,2022,97
15458,2022,98
10493,2022,99
6337,2022,100
3577,2022,101
2216,2022,102
1128,2022,103
643,2022,104
329968,2023,0
349640,2023,1
348066,2023,2
370824,2023,3
390595,2023,4
416867,2023,5
438743,2023,6
451720,2023,7
460301,2023,8
465043,2023,9
481625,2023,10
493865,2023,11
507042,2023,12
513178,2023,13
536032,2023,14
540961,2023,15
522251,2023,16
520147,2023,17
520395,2023,18
518775,2023,19
521026,2023,20
508989,2023,21
513326,2023,22
519514,2023,23
511507,2023,24
507074,2023,25
521102,2023,26
517545,2023,27
524270,2023,28
536954,2023,29
555756,2023,30
563166,2023,31
562653,2023,32
571699,2023,33
578050,2023,34
586167,2023,35
600440,2023,36
614539,2023,37
636381,2023,38
656590,2023,39
691759,2023,40
719685,2023,41
752774,2023,42
771844,2023,43
803474,2023,44
813592,2023,45
825323,2023,46
828006,2023,47
822981,2023,48
806200,2023,49
792052,2023,50
785382,2023,51
771569,2023,52
755836,2023,53
744502,2023,54
751668,2023,55
736330,2023,56
720535,2023,57
721119,2023,58
714395,2023,59
679084,2023,60
653819,2023,61
639470,2023,62
638190,2023,63
618528,2023,64
595563,2023,65
569450,2023,66
532248,2023,67
514713,2023,68
491240,2023,69
487798,2023,70
467911,2023,71
449961,2023,72
444919,2023,73
458095,2023,74
450377,2023,75
390464,2023,76
396753,2023,77
379652,2023,78
357694,2023,79
332021,2023,80
268214,2023,81
308468,2023,82
279426,2023,83
209200,2023,84
220461,2023,85
223812,2023,86
205276,2023,87
181619,2023,88
162446,2023,89
143041,2023,90
119954,2023,91
97830,2023,92
78004,2023,93
59736,2023,94
44830,2023,95
32267,2023,96
23064,2023,97
16255,2023,98
10853,2023,99
6705,2023,100
4045,2023,101
2236,2023,102
1390,2023,103
620,2023,104
321282,2024,0
338464,2024,1
351051,2024,2
356596,2024,3
378141,2024,4
397847,2024,5
424211,2024,6
446861,2024,7
459387,2024,8
467865,2024,9
463658,2024,10
489754,2024,11
501525,2024,12
512816,2024,13
520919,2024,14
544213,2024,15
525524,2024,16
525072,2024,17
522425,2024,18
527634,2024,19
525418,2024,20
514156,2024,21
517077,2024,22
526390,2024,23
519720,2024,24
511085,2024,25
523868,2024,26
522784,2024,27
528614,2024,28
537277,2024,29
552617,2024,30
567596,2024,31
564815,2024,32
572619,2024,33
580753,2024,34
589822,2024,35
596284,2024,36
608529,2024,37
626277,2024,38
647887,2024,39
667210,2024,40
701831,2024,41
728518,2024,42
761112,2024,43
779284,2024,44
810553,2024,45
819361,2024,46
831237,2024,47
822998,2024,48
815470,2024,49
793396,2024,50
788292,2024,51
773539,2024,52
761187,2024,53
750347,2024,54
741668,2024,55
743752,2024,56
722931,2024,57
714763,2024,58
720794,2024,59
683030,2024,60
657578,2024,61
639090,2024,62
637743,2024,63
616810,2024,64
599051,2024,65
581419,2024,66
539179,2024,67
519207,2024,68
490838,2024,69
486711,2024,70
479113,2024,71
444689,2024,72
427787,2024,73
437717,2024,74
449680,2024,75
403442,2024,76
377891,2024,77
384858,2024,78
356352,2024,79
340371,2024,80
283559,2024,81
251586,2024,82
293922,2024,83
183733,2024,84
196132,2024,85
205066,2024,86
206129,2024,87
182106,2024,88
160925,2024,89
142898,2024,90
122334,2024,91
96780,2024,92
79709,2024,93
59706,2024,94
46107,2024,95
32357,2024,96
23636,2024,97
16310,2024,98
11157,2024,99
6615,2024,100
4163,2024,101
2313,2024,102
1378,2024,103
661,2024,104
